-- MariaDB dump 10.19  Distrib 10.4.21-MariaDB, for Win64 (AMD64)
--
-- Host: localhost    Database: final_project
-- ------------------------------------------------------
-- Server version	10.4.21-MariaDB

/*!40101 SET @OLD_CHARACTER_SET_CLIENT=@@CHARACTER_SET_CLIENT */;
/*!40101 SET @OLD_CHARACTER_SET_RESULTS=@@CHARACTER_SET_RESULTS */;
/*!40101 SET @OLD_COLLATION_CONNECTION=@@COLLATION_CONNECTION */;
/*!40101 SET NAMES utf8 */;
/*!40103 SET @OLD_TIME_ZONE=@@TIME_ZONE */;
/*!40103 SET TIME_ZONE='+00:00' */;
/*!40014 SET @OLD_UNIQUE_CHECKS=@@UNIQUE_CHECKS, UNIQUE_CHECKS=0 */;
/*!40014 SET @OLD_FOREIGN_KEY_CHECKS=@@FOREIGN_KEY_CHECKS, FOREIGN_KEY_CHECKS=0 */;
/*!40101 SET @OLD_SQL_MODE=@@SQL_MODE, SQL_MODE='NO_AUTO_VALUE_ON_ZERO' */;
/*!40111 SET @OLD_SQL_NOTES=@@SQL_NOTES, SQL_NOTES=0 */;

--
-- Table structure for table `categories`
--

DROP TABLE IF EXISTS `categories`;
/*!40101 SET @saved_cs_client     = @@character_set_client */;
/*!40101 SET character_set_client = utf8 */;
CREATE TABLE `categories` (
  `id` bigint(20) unsigned NOT NULL AUTO_INCREMENT,
  `name` text COLLATE utf8mb4_unicode_ci DEFAULT NULL,
  `type` text COLLATE utf8mb4_unicode_ci DEFAULT NULL,
  `created_at` timestamp NULL DEFAULT NULL,
  `updated_at` timestamp NULL DEFAULT NULL,
  PRIMARY KEY (`id`)
) ENGINE=InnoDB AUTO_INCREMENT=18 DEFAULT CHARSET=utf8mb4 COLLATE=utf8mb4_unicode_ci;
/*!40101 SET character_set_client = @saved_cs_client */;

--
-- Dumping data for table `categories`
--

LOCK TABLES `categories` WRITE;
/*!40000 ALTER TABLE `categories` DISABLE KEYS */;
INSERT INTO `categories` VALUES (1,'vegetarian','dietary requirement','2021-11-19 15:36:27','2021-11-19 15:36:27'),(2,'dessert','meal','2021-11-19 15:36:27','2021-11-19 15:36:27'),(3,'International','cuisine','2021-11-19 15:36:27','2021-11-19 15:36:27'),(4,'gluten-free','dietary requirement','2021-11-19 15:36:27','2021-11-19 15:36:27'),(5,'French','cuisine','2021-11-19 15:36:27','2021-11-19 15:36:27'),(6,'Italian','cuisine','2021-11-19 15:36:27','2021-11-19 15:36:27'),(7,'dinner','meal','2021-11-19 15:36:27','2021-11-19 15:36:27'),(8,'lunch','meal','2021-11-19 15:36:27','2021-11-19 15:36:27'),(9,'British','cuisine','2021-11-19 15:36:27','2021-11-19 15:36:27'),(10,'Spanish','cuisine','2021-11-19 15:36:27','2021-11-19 15:36:27'),(11,'lactose-free','dietary requirement','2021-11-19 15:36:27','2021-11-19 15:36:27'),(12,'American','cuisine','2021-11-19 15:36:27','2021-11-19 15:36:27'),(13,'Mexican','cuisine','2021-11-19 15:36:27','2021-11-19 15:36:27'),(14,'Japanese','cuisine','2021-11-19 15:36:27','2021-11-19 15:36:27'),(15,'breakfast','meal','2021-11-19 15:36:27','2021-11-19 15:36:27'),(16,'vegan','dietary requirement','2021-11-19 15:36:27','2021-11-19 15:36:27'),(17,'Swedish','cuisine','2021-11-19 15:36:27','2021-11-19 15:36:27');
/*!40000 ALTER TABLE `categories` ENABLE KEYS */;
UNLOCK TABLES;

--
-- Table structure for table `category_recipe`
--

DROP TABLE IF EXISTS `category_recipe`;
/*!40101 SET @saved_cs_client     = @@character_set_client */;
/*!40101 SET character_set_client = utf8 */;
CREATE TABLE `category_recipe` (
  `id` bigint(20) unsigned NOT NULL AUTO_INCREMENT,
  `category_id` int(11) NOT NULL,
  `recipe_id` int(11) NOT NULL,
  `created_at` timestamp NULL DEFAULT NULL,
  `updated_at` timestamp NULL DEFAULT NULL,
  PRIMARY KEY (`id`)
) ENGINE=InnoDB AUTO_INCREMENT=101 DEFAULT CHARSET=utf8mb4 COLLATE=utf8mb4_unicode_ci;
/*!40101 SET character_set_client = @saved_cs_client */;

--
-- Dumping data for table `category_recipe`
--

LOCK TABLES `category_recipe` WRITE;
/*!40000 ALTER TABLE `category_recipe` DISABLE KEYS */;
INSERT INTO `category_recipe` VALUES (1,1,1,'2021-11-19 15:36:27','2021-11-19 15:36:27'),(2,2,1,'2021-11-19 15:36:27','2021-11-19 15:36:27'),(3,3,1,'2021-11-19 15:36:27','2021-11-19 15:36:27'),(4,1,2,'2021-11-19 15:36:27','2021-11-19 15:36:27'),(5,2,2,'2021-11-19 15:36:27','2021-11-19 15:36:27'),(6,3,2,'2021-11-19 15:36:27','2021-11-19 15:36:27'),(7,1,3,'2021-11-19 15:36:27','2021-11-19 15:36:27'),(8,4,3,'2021-11-19 15:36:27','2021-11-19 15:36:27'),(9,2,3,'2021-11-19 15:36:27','2021-11-19 15:36:27'),(10,5,3,'2021-11-19 15:36:27','2021-11-19 15:36:27'),(11,1,4,'2021-11-19 15:36:27','2021-11-19 15:36:27'),(12,2,4,'2021-11-19 15:36:27','2021-11-19 15:36:27'),(13,6,4,'2021-11-19 15:36:27','2021-11-19 15:36:27'),(14,1,5,'2021-11-19 15:36:27','2021-11-19 15:36:27'),(15,4,5,'2021-11-19 15:36:27','2021-11-19 15:36:27'),(16,2,5,'2021-11-19 15:36:27','2021-11-19 15:36:27'),(17,3,5,'2021-11-19 15:36:27','2021-11-19 15:36:27'),(18,4,6,'2021-11-19 15:36:27','2021-11-19 15:36:27'),(19,7,6,'2021-11-19 15:36:27','2021-11-19 15:36:27'),(20,8,6,'2021-11-19 15:36:27','2021-11-19 15:36:27'),(21,9,6,'2021-11-19 15:36:27','2021-11-19 15:36:27'),(22,4,7,'2021-11-19 15:36:27','2021-11-19 15:36:27'),(23,7,7,'2021-11-19 15:36:27','2021-11-19 15:36:27'),(24,8,7,'2021-11-19 15:36:27','2021-11-19 15:36:27'),(25,10,7,'2021-11-19 15:36:27','2021-11-19 15:36:27'),(26,4,8,'2021-11-19 15:36:27','2021-11-19 15:36:27'),(27,11,8,'2021-11-19 15:36:27','2021-11-19 15:36:27'),(28,7,8,'2021-11-19 15:36:27','2021-11-19 15:36:27'),(29,8,8,'2021-11-19 15:36:27','2021-11-19 15:36:27'),(30,3,8,'2021-11-19 15:36:27','2021-11-19 15:36:27'),(31,7,9,'2021-11-19 15:36:27','2021-11-19 15:36:27'),(32,8,9,'2021-11-19 15:36:27','2021-11-19 15:36:27'),(33,12,9,'2021-11-19 15:36:27','2021-11-19 15:36:27'),(34,4,10,'2021-11-19 15:36:27','2021-11-19 15:36:27'),(35,11,10,'2021-11-19 15:36:27','2021-11-19 15:36:27'),(36,7,10,'2021-11-19 15:36:28','2021-11-19 15:36:28'),(37,8,10,'2021-11-19 15:36:28','2021-11-19 15:36:28'),(38,3,10,'2021-11-19 15:36:28','2021-11-19 15:36:28'),(39,4,11,'2021-11-19 15:36:28','2021-11-19 15:36:28'),(40,7,11,'2021-11-19 15:36:28','2021-11-19 15:36:28'),(41,8,11,'2021-11-19 15:36:28','2021-11-19 15:36:28'),(42,3,11,'2021-11-19 15:36:28','2021-11-19 15:36:28'),(43,7,12,'2021-11-19 15:36:28','2021-11-19 15:36:28'),(44,8,12,'2021-11-19 15:36:28','2021-11-19 15:36:28'),(45,13,12,'2021-11-19 15:36:28','2021-11-19 15:36:28'),(46,7,13,'2021-11-19 15:36:28','2021-11-19 15:36:28'),(47,8,13,'2021-11-19 15:36:28','2021-11-19 15:36:28'),(48,13,13,'2021-11-19 15:36:28','2021-11-19 15:36:28'),(49,4,14,'2021-11-19 15:36:28','2021-11-19 15:36:28'),(50,11,14,'2021-11-19 15:36:28','2021-11-19 15:36:28'),(51,7,14,'2021-11-19 15:36:28','2021-11-19 15:36:28'),(52,8,14,'2021-11-19 15:36:28','2021-11-19 15:36:28'),(53,14,14,'2021-11-19 15:36:28','2021-11-19 15:36:28'),(54,7,15,'2021-11-19 15:36:28','2021-11-19 15:36:28'),(55,8,15,'2021-11-19 15:36:28','2021-11-19 15:36:28'),(56,6,15,'2021-11-19 15:36:28','2021-11-19 15:36:28'),(57,1,16,'2021-11-19 15:36:28','2021-11-19 15:36:28'),(58,15,16,'2021-11-19 15:36:28','2021-11-19 15:36:28'),(59,3,16,'2021-11-19 15:36:28','2021-11-19 15:36:28'),(60,1,17,'2021-11-19 15:36:28','2021-11-19 15:36:28'),(61,15,17,'2021-11-19 15:36:28','2021-11-19 15:36:28'),(62,3,17,'2021-11-19 15:36:28','2021-11-19 15:36:28'),(63,1,18,'2021-11-19 15:36:28','2021-11-19 15:36:28'),(64,4,18,'2021-11-19 15:36:28','2021-11-19 15:36:28'),(65,15,18,'2021-11-19 15:36:28','2021-11-19 15:36:28'),(66,3,18,'2021-11-19 15:36:28','2021-11-19 15:36:28'),(67,1,19,'2021-11-19 15:36:28','2021-11-19 15:36:28'),(68,15,19,'2021-11-19 15:36:28','2021-11-19 15:36:28'),(69,3,19,'2021-11-19 15:36:28','2021-11-19 15:36:28'),(70,16,20,'2021-11-19 15:36:28','2021-11-19 15:36:28'),(71,4,20,'2021-11-19 15:36:28','2021-11-19 15:36:28'),(72,15,20,'2021-11-19 15:36:28','2021-11-19 15:36:28'),(73,3,20,'2021-11-19 15:36:28','2021-11-19 15:36:28'),(74,1,21,'2021-11-19 15:36:28','2021-11-19 15:36:28'),(75,15,21,'2021-11-19 15:36:28','2021-11-19 15:36:28'),(76,12,21,'2021-11-19 15:36:28','2021-11-19 15:36:28'),(77,1,22,'2021-11-19 15:36:28','2021-11-19 15:36:28'),(78,15,22,'2021-11-19 15:36:28','2021-11-19 15:36:28'),(79,12,22,'2021-11-19 15:36:28','2021-11-19 15:36:28'),(80,1,23,'2021-11-19 15:36:28','2021-11-19 15:36:28'),(81,15,23,'2021-11-19 15:36:28','2021-11-19 15:36:28'),(82,5,23,'2021-11-19 15:36:28','2021-11-19 15:36:28'),(83,16,24,'2021-11-19 15:36:28','2021-11-19 15:36:28'),(84,4,24,'2021-11-19 15:36:28','2021-11-19 15:36:28'),(85,11,24,'2021-11-19 15:36:28','2021-11-19 15:36:28'),(86,15,24,'2021-11-19 15:36:28','2021-11-19 15:36:28'),(87,3,24,'2021-11-19 15:36:28','2021-11-19 15:36:28'),(88,1,25,'2021-11-19 15:36:28','2021-11-19 15:36:28'),(89,4,25,'2021-11-19 15:36:28','2021-11-19 15:36:28'),(90,15,25,'2021-11-19 15:36:28','2021-11-19 15:36:28'),(91,5,25,'2021-11-19 15:36:28','2021-11-19 15:36:28'),(92,1,26,'2021-11-19 15:36:28','2021-11-19 15:36:28'),(93,2,26,'2021-11-19 15:36:28','2021-11-19 15:36:28'),(94,9,26,'2021-11-19 15:36:28','2021-11-19 15:36:28'),(95,1,27,'2021-11-19 15:36:28','2021-11-19 15:36:28'),(96,2,27,'2021-11-19 15:36:28','2021-11-19 15:36:28'),(97,9,27,'2021-11-19 15:36:28','2021-11-19 15:36:28'),(98,1,28,'2021-11-19 15:36:28','2021-11-19 15:36:28'),(99,2,28,'2021-11-19 15:36:28','2021-11-19 15:36:28'),(100,17,28,'2021-11-19 15:36:28','2021-11-19 15:36:28');
/*!40000 ALTER TABLE `category_recipe` ENABLE KEYS */;
UNLOCK TABLES;

--
-- Table structure for table `failed_jobs`
--

DROP TABLE IF EXISTS `failed_jobs`;
/*!40101 SET @saved_cs_client     = @@character_set_client */;
/*!40101 SET character_set_client = utf8 */;
CREATE TABLE `failed_jobs` (
  `id` bigint(20) unsigned NOT NULL AUTO_INCREMENT,
  `uuid` varchar(255) COLLATE utf8mb4_unicode_ci NOT NULL,
  `connection` text COLLATE utf8mb4_unicode_ci NOT NULL,
  `queue` text COLLATE utf8mb4_unicode_ci NOT NULL,
  `payload` longtext COLLATE utf8mb4_unicode_ci NOT NULL,
  `exception` longtext COLLATE utf8mb4_unicode_ci NOT NULL,
  `failed_at` timestamp NOT NULL DEFAULT current_timestamp(),
  PRIMARY KEY (`id`),
  UNIQUE KEY `failed_jobs_uuid_unique` (`uuid`)
) ENGINE=InnoDB DEFAULT CHARSET=utf8mb4 COLLATE=utf8mb4_unicode_ci;
/*!40101 SET character_set_client = @saved_cs_client */;

--
-- Dumping data for table `failed_jobs`
--

LOCK TABLES `failed_jobs` WRITE;
/*!40000 ALTER TABLE `failed_jobs` DISABLE KEYS */;
/*!40000 ALTER TABLE `failed_jobs` ENABLE KEYS */;
UNLOCK TABLES;

--
-- Table structure for table `images`
--

DROP TABLE IF EXISTS `images`;
/*!40101 SET @saved_cs_client     = @@character_set_client */;
/*!40101 SET character_set_client = utf8 */;
CREATE TABLE `images` (
  `id` bigint(20) unsigned NOT NULL AUTO_INCREMENT,
  `recipe_id` int(11) DEFAULT NULL,
  `path` text COLLATE utf8mb4_unicode_ci DEFAULT NULL,
  `created_at` timestamp NULL DEFAULT NULL,
  `updated_at` timestamp NULL DEFAULT NULL,
  PRIMARY KEY (`id`)
) ENGINE=InnoDB AUTO_INCREMENT=61 DEFAULT CHARSET=utf8mb4 COLLATE=utf8mb4_unicode_ci;
/*!40101 SET character_set_client = @saved_cs_client */;

--
-- Dumping data for table `images`
--

LOCK TABLES `images` WRITE;
/*!40000 ALTER TABLE `images` DISABLE KEYS */;
INSERT INTO `images` VALUES (1,1,'https://i.pinimg.com/564x/00/c4/b3/00c4b355d2496be3c6d7ce3034418b4d.jpg','2021-11-19 15:36:26','2021-11-19 15:36:26'),(2,1,'https://i.pinimg.com/564x/de/ba/69/deba69aa6fb7e4441770a2ac99b9e5f5.jpg','2021-11-19 15:36:26','2021-11-19 15:36:26'),(3,2,'https://i.pinimg.com/564x/4d/50/49/4d5049e7ae77b58bee99ccd7678a9772.jpg','2021-11-19 15:36:26','2021-11-19 15:36:26'),(4,2,'https://i.pinimg.com/564x/1a/27/82/1a2782f6c5d27cbd81eff4e97ac909ba.jpg','2021-11-19 15:36:26','2021-11-19 15:36:26'),(5,3,'https://blog.giallozafferano.it/paola67/wp-content/uploads/2016/01/ricotta-cheese-and-chocolate-cup.jpg','2021-11-19 15:36:26','2021-11-19 15:36:26'),(6,3,'https://blog.giallozafferano.it/paola67/wp-content/uploads/2016/01/ricotta-cheese-and-chocolate-cup-.jpg','2021-11-19 15:36:26','2021-11-19 15:36:26'),(7,4,'https://i.pinimg.com/564x/16/60/85/166085a34e9f72bb7424399e7235e0c3.jpg','2021-11-19 15:36:26','2021-11-19 15:36:26'),(8,4,'https://i.pinimg.com/564x/9d/b7/69/9db76980fcdc4a27266a23b03b9fad3c.jpg','2021-11-19 15:36:26','2021-11-19 15:36:26'),(9,5,'https://i.pinimg.com/564x/73/98/0b/73980bd24e189ba6a125ecbbe2aaa18b.jpg','2021-11-19 15:36:26','2021-11-19 15:36:26'),(10,5,'https://www.thelittleepicurean.com/wp-content/uploads/2016/09/Caramel-Fig-Chocolate-Cake-1.jpg','2021-11-19 15:36:26','2021-11-19 15:36:26'),(11,6,'https://images.immediate.co.uk/production/volatile/sites/30/2021/01/Next-level-fish-and-chips-f0ad0c4.jpg?quality=90&resize=504,458?quality=90&webp=true&resize=504,458','2021-11-19 15:36:26','2021-11-19 15:36:26'),(12,6,'https://i.pinimg.com/originals/88/e5/fd/88e5fd147a6ca18764ac8c05e3cd7ccc.jpg','2021-11-19 15:36:26','2021-11-19 15:36:26'),(13,7,'https://www.recipegirl.com/wp-content/uploads/2018/05/Beef-Burrito-Casserole-1.jpg','2021-11-19 15:36:26','2021-11-19 15:36:26'),(14,7,'https://cdn.apartmenttherapy.info/image/upload/f_auto,q_auto:eco,c_fit,w_764,h_955/k%2FPhoto%2FRecipe%20Ramp%20Up%2F2021-10-Burrito-Casserole%2FIMG_8121_02','2021-11-19 15:36:26','2021-11-19 15:36:26'),(15,8,'https://www.dinneratthezoo.com/wp-content/uploads/2019/05/baked-salmon-4.jpg','2021-11-19 15:36:26','2021-11-19 15:36:26'),(16,8,'https://cdn.apartmenttherapy.info/image/upload/f_auto,q_auto:eco,c_fit,w_764,h_591/k%2Farchive%2Fc1b4f1515bbe80db6539f6f857b2ec1e6bfafcbd','2021-11-19 15:36:26','2021-11-19 15:36:26'),(17,9,'https://www.pinchmeimeating.com/wp-content/uploads/2021/03/Creamiest-grits-7.jpg','2021-11-19 15:36:26','2021-11-19 15:36:26'),(18,9,'https://cdn.apartmenttherapy.info/image/upload/f_auto,q_auto:eco,c_fit,w_764,h_955/k%2FPhoto%2FRecipes%2F2019-11-How-To-Make-Grits%2F2019-11-10_92118_How-to-Make-Grits-the-Southern-Way','2021-11-19 15:36:26','2021-11-19 15:36:26'),(19,10,'https://i.pinimg.com/564x/2d/5c/2c/2d5c2c3ba5d1175f52877e9c08ce276c.jpg','2021-11-19 15:36:26','2021-11-19 15:36:26'),(20,10,'https://i.pinimg.com/564x/3b/3f/fe/3b3ffe5ef996971775b6b945d002a306.jpg','2021-11-19 15:36:26','2021-11-19 15:36:26'),(21,11,'https://drizzlemeskinny.com/wp-content/uploads/2019/09/DSCN0967.jpg','2021-11-19 15:36:26','2021-11-19 15:36:26'),(22,11,'https://cdn.apartmenttherapy.info/image/upload/f_auto,q_auto:eco,c_fit,w_764,h_955/k%2Farchive%2F72073ef26b68dc1964613b500cd42122043a2568','2021-11-19 15:36:26','2021-11-19 15:36:26'),(23,12,'https://cdn.ilclubdellericette.it/wp-content/uploads/2020/07/quesadillas-la-ricetta-originale-640x480.jpg','2021-11-19 15:36:26','2021-11-19 15:36:26'),(24,12,'https://cdn.apartmenttherapy.info/image/upload/f_auto,q_auto:eco,c_fit,w_764,h_955/k%2Farchive%2F100bfe92feeda771e2964654c095f2611485a385','2021-11-19 15:36:26','2021-11-19 15:36:26'),(25,13,'https://imagesvc.meredithcorp.io/v3/mm/image?url=https%3A%2F%2Fstatic.onecms.io%2Fwp-content%2Fuploads%2Fsites%2F19%2F2019%2F05%2F20%2Ftacosalad-2000.jpg&q=85','2021-11-19 15:36:26','2021-11-19 15:36:26'),(26,13,'https://cdn.apartmenttherapy.info/image/upload/f_auto,q_auto:eco,c_fit,w_764,h_955/k%2Farchive%2F9553c63e459449416dd91c26bd88787bd692b31f','2021-11-19 15:36:26','2021-11-19 15:36:26'),(27,14,'https://imagesvc.meredithcorp.io/v3/mm/image?url=https%3A%2F%2Fstatic.onecms.io%2Fwp-content%2Fuploads%2Fsites%2F19%2F2019%2F05%2F20%2Ftacosalad-2000.jpg&q=85','2021-11-19 15:36:26','2021-11-19 15:36:26'),(28,14,'https://cdn.apartmenttherapy.info/image/upload/f_auto,q_auto:eco,c_fit,w_764,h_955/k%2Farchive%2F9553c63e459449416dd91c26bd88787bd692b31f','2021-11-19 15:36:26','2021-11-19 15:36:26'),(29,15,'https://i.pinimg.com/564x/0c/01/3a/0c013a45084b3ec8ec2084dfdd7d84f5.jpg','2021-11-19 15:36:26','2021-11-19 15:36:26'),(30,15,'https://i.pinimg.com/564x/e0/e2/67/e0e2677cb75dd29f93ce17de3cc73731.jpg','2021-11-19 15:36:26','2021-11-19 15:36:26'),(31,16,'https://www.eatingbirdfood.com/wp-content/uploads/2017/01/Peanut-Butter-Banana-Chia-Oatmeal-6.jpg','2021-11-19 15:36:27','2021-11-19 15:36:27'),(32,16,'https://cdn.apartmenttherapy.info/image/upload/f_auto,q_auto:eco,c_fit,w_764,h_955/k%2FPhoto%2FRecipes%2F2021-09-peanut-butter-oatmeal%2F2021-09-13_ATK6865','2021-11-19 15:36:27','2021-11-19 15:36:27'),(33,17,'https://www.thelazydish.com/wp-content/uploads/2020/09/quick-easy-healthy-breakfast-idea-banana-pancakes.jpg','2021-11-19 15:36:27','2021-11-19 15:36:27'),(34,17,'https://cdn.apartmenttherapy.info/image/upload/f_auto,q_auto:eco,c_fit,w_764,h_955/k%2FPhoto%2FRecipes%2F2019-09-easy-oatmeal-pancakes%2Foatmeal-pancakes-process_022','2021-11-19 15:36:27','2021-11-19 15:36:27'),(35,18,'https://cdn.apartmenttherapy.info/image/upload/f_auto,q_auto:eco,c_fit,w_764,h_1107/k%2Farchive%2F1e78a64b50bf4b9f34ead89415a9c65b842cc9ba','2021-11-19 15:36:27','2021-11-19 15:36:27'),(36,18,'https://cdn.apartmenttherapy.info/image/upload/f_auto,q_auto:eco,c_fill,g_center,w_764,h_955/k%2Farchive%2Fc4ebbb01058f6fcf4f01e150a2e0a6cb49d8abf','2021-11-19 15:36:27','2021-11-19 15:36:27'),(37,19,'https://cdn.apartmenttherapy.info/image/upload/f_auto,q_auto:eco,c_fit,w_764,h_1145/k%2Farchive%2F25deacd6bf76559fb18c770d39111a47dc177335','2021-11-19 15:36:27','2021-11-19 15:36:27'),(38,19,'https:cdn.apartmenttherapy.info/image/upload/f_auto,q_auto:eco,c_fit,w_764,h_510/k%2Farchive%2F70912f5f094661040336385a6d5e49c00cd140f8','2021-11-19 15:36:27','2021-11-19 15:36:27'),(39,20,'https://cdn.apartmenttherapy.info/image/upload/f_auto,q_auto:eco,c_fit,w_764,h_955/k%2Farchive%2F03f297ebad0cdb89ea2c36ee693b8a47cb0e910a','2021-11-19 15:36:27','2021-11-19 15:36:27'),(40,20,'https://cdn.apartmenttherapy.info/image/upload/f_auto,q_auto:eco,c_fill,g_center,w_764,h_955/k%2Farchive%2F3d6107ca0c35123488b1364387292cd272a4394','2021-11-19 15:36:27','2021-11-19 15:36:27'),(41,21,'https://i.pinimg.com/564x/65/0b/f8/650bf8967862e522bb3061e225f5d0cd.jpg','2021-11-19 15:36:27','2021-11-19 15:36:27'),(42,21,'https://i.pinimg.com/564x/70/1c/c7/701cc710dd5bcff8fd0304d6dc6e454d.jpg','2021-11-19 15:36:27','2021-11-19 15:36:27'),(43,22,'https://i.pinimg.com/564x/87/74/0b/87740b8a04c582af6757860044b84d39.jpg','2021-11-19 15:36:27','2021-11-19 15:36:27'),(44,22,'https://i.pinimg.com/564x/91/f3/5d/91f35dcb367f3ae4f0fc2cc1d81582b8.jpg','2021-11-19 15:36:27','2021-11-19 15:36:27'),(45,23,'https://static.cookist.it/wp-content/uploads/sites/21/2017/05/french-toast-copertina.png','2021-11-19 15:36:27','2021-11-19 15:36:27'),(46,23,'https://magazine.giallozafferano.it/wp-content/uploads/2016/09/french-toast.jpg','2021-11-19 15:36:27','2021-11-19 15:36:27'),(47,24,'https://i.pinimg.com/564x/bb/28/39/bb283984950224f3c63612bf934942a2.jpg','2021-11-19 15:36:27','2021-11-19 15:36:27'),(48,24,'https://i.pinimg.com/564x/46/58/c9/4658c9e082b67679ca112f36d2bca690.jpg','2021-11-19 15:36:27','2021-11-19 15:36:27'),(49,25,'https://i.pinimg.com/564x/1a/bc/f6/1abcf683d377e3f205da8a98ef09aa17.jpg','2021-11-19 15:36:27','2021-11-19 15:36:27'),(50,25,'https://i.pinimg.com/564x/ea/19/f5/ea19f5e267a1a7de2b674c5a8e5a82c6.jpg','2021-11-19 15:36:27','2021-11-19 15:36:27'),(51,26,'https://i.pinimg.com/564x/3b/41/11/3b4111a6fa1f7b7f5c9a482bf2226675.jpg','2021-11-19 15:36:27','2021-11-19 15:36:27'),(52,26,'https://i.pinimg.com/564x/c7/3a/23/c73a23fd4701014f5bbf39110e22738b.jpg','2021-11-19 15:36:27','2021-11-19 15:36:27'),(53,27,'https://i.pinimg.com/564x/bb/ac/f5/bbacf5ddac7f129122c144d05accfa2a.jpg','2021-11-19 15:36:27','2021-11-19 15:36:27'),(54,27,'https://i.pinimg.com/564x/8e/4f/8c/8e4f8cf5e660c6d37ba7d90970fa559e.jpg','2021-11-19 15:36:27','2021-11-19 15:36:27'),(55,28,'https://i.pinimg.com/564x/22/a7/7e/22a77eeeee66ee04b4561f1b7a4e23bb.jpg','2021-11-19 15:36:27','2021-11-19 15:36:27'),(56,28,'https://i.pinimg.com/564x/af/50/1b/af501b79546bf2cdda50533f81f6ecdb.jpg','2021-11-19 15:36:27','2021-11-19 15:36:27'),(57,48,'https://imagesvc.meredithcorp.io/v3/mm/image?q=85&c=sc&poi=face&w=2000&h=1000&url=https%3A%2F%2Fstatic.onecms.io%2Fwp-content%2Fuploads%2Fsites%2F9%2F2021%2F06%2F15%2Fmozzarella-pizza-margherita-FT-RECIPE0621.jpg','2021-11-24 09:36:52','2021-11-24 09:36:52'),(58,49,NULL,'2021-11-24 10:52:54','2021-11-24 10:52:54'),(59,50,NULL,'2021-11-24 10:53:41','2021-11-24 10:53:41'),(60,51,'https://www.dinneratthezoo.com/wp-content/uploads/2018/05/frozen-fruit-smoothie-3.jpg','2021-11-24 21:57:53','2021-11-24 21:57:53');
/*!40000 ALTER TABLE `images` ENABLE KEYS */;
UNLOCK TABLES;

--
-- Table structure for table `ingredient_recipe`
--

DROP TABLE IF EXISTS `ingredient_recipe`;
/*!40101 SET @saved_cs_client     = @@character_set_client */;
/*!40101 SET character_set_client = utf8 */;
CREATE TABLE `ingredient_recipe` (
  `id` bigint(20) unsigned NOT NULL AUTO_INCREMENT,
  `ingredient_id` int(11) DEFAULT NULL,
  `recipe_id` int(11) DEFAULT NULL,
  `amount` int(11) DEFAULT NULL,
  `unit` varchar(255) COLLATE utf8mb4_unicode_ci DEFAULT NULL,
  `created_at` timestamp NULL DEFAULT NULL,
  `updated_at` timestamp NULL DEFAULT NULL,
  PRIMARY KEY (`id`)
) ENGINE=InnoDB AUTO_INCREMENT=234 DEFAULT CHARSET=utf8mb4 COLLATE=utf8mb4_unicode_ci;
/*!40101 SET character_set_client = @saved_cs_client */;

--
-- Dumping data for table `ingredient_recipe`
--

LOCK TABLES `ingredient_recipe` WRITE;
/*!40000 ALTER TABLE `ingredient_recipe` DISABLE KEYS */;
INSERT INTO `ingredient_recipe` VALUES (1,1,1,220,'g','2021-11-19 15:36:24','2021-11-19 15:36:24'),(2,2,1,150,'g','2021-11-19 15:36:24','2021-11-19 15:36:24'),(3,3,1,120,'g','2021-11-19 15:36:24','2021-11-19 15:36:24'),(4,4,1,15,'g','2021-11-19 15:36:24','2021-11-19 15:36:24'),(5,5,1,1,'pinch','2021-11-19 15:36:24','2021-11-19 15:36:24'),(6,6,1,4,'','2021-11-19 15:36:24','2021-11-19 15:36:24'),(7,7,1,200,'g','2021-11-19 15:36:24','2021-11-19 15:36:24'),(8,8,1,1,'coffe spoon','2021-11-19 15:36:24','2021-11-19 15:36:24'),(9,9,2,175,'g','2021-11-19 15:36:24','2021-11-19 15:36:24'),(10,10,2,100,'g','2021-11-19 15:36:24','2021-11-19 15:36:24'),(11,11,2,150,'g','2021-11-19 15:36:24','2021-11-19 15:36:24'),(12,12,2,1,'','2021-11-19 15:36:24','2021-11-19 15:36:24'),(13,13,2,1,'coffe spoon ','2021-11-19 15:36:24','2021-11-19 15:36:24'),(14,14,2,60,'g','2021-11-19 15:36:24','2021-11-19 15:36:24'),(15,15,2,30,'g','2021-11-19 15:36:24','2021-11-19 15:36:24'),(16,5,2,1,'pinch','2021-11-19 15:36:24','2021-11-19 15:36:24'),(17,16,2,0,'','2021-11-19 15:36:24','2021-11-19 15:36:24'),(18,17,3,250,'g','2021-11-19 15:36:24','2021-11-19 15:36:24'),(19,16,3,20,'g','2021-11-19 15:36:24','2021-11-19 15:36:24'),(20,18,3,1,'zest','2021-11-19 15:36:24','2021-11-19 15:36:24'),(21,1,3,40,'g','2021-11-19 15:36:24','2021-11-19 15:36:24'),(22,19,3,50,'g','2021-11-19 15:36:24','2021-11-19 15:36:24'),(23,20,3,1,'dl','2021-11-19 15:36:24','2021-11-19 15:36:24'),(24,21,4,300,'g','2021-11-19 15:36:24','2021-11-19 15:36:24'),(25,6,4,4,'','2021-11-19 15:36:24','2021-11-19 15:36:24'),(26,22,4,500,'g','2021-11-19 15:36:24','2021-11-19 15:36:24'),(27,11,4,100,'g','2021-11-19 15:36:24','2021-11-19 15:36:24'),(28,23,4,300,'g','2021-11-19 15:36:24','2021-11-19 15:36:24'),(29,4,4,0,'little bit','2021-11-19 15:36:24','2021-11-19 15:36:24'),(30,24,5,300,'g','2021-11-19 15:36:24','2021-11-19 15:36:24'),(31,25,5,50,'g','2021-11-19 15:36:24','2021-11-19 15:36:24'),(32,26,5,45,'g','2021-11-19 15:36:24','2021-11-19 15:36:24'),(33,27,5,1,'','2021-11-19 15:36:24','2021-11-19 15:36:24'),(34,5,5,1,'pinch','2021-11-19 15:36:24','2021-11-19 15:36:24'),(35,28,5,150,'g','2021-11-19 15:36:24','2021-11-19 15:36:24'),(36,2,5,100,'g','2021-11-19 15:36:24','2021-11-19 15:36:24'),(37,6,5,2,'','2021-11-19 15:36:24','2021-11-19 15:36:24'),(38,11,5,100,'g','2021-11-19 15:36:24','2021-11-19 15:36:24'),(39,29,5,10,'g','2021-11-19 15:36:24','2021-11-19 15:36:24'),(40,30,6,2,'pieces','2021-11-19 15:36:24','2021-11-19 15:36:24'),(41,31,6,1,'tbsp','2021-11-19 15:36:24','2021-11-19 15:36:24'),(42,32,6,4,'tbsp','2021-11-19 15:36:24','2021-11-19 15:36:24'),(43,33,6,2,'tbsp','2021-11-19 15:36:24','2021-11-19 15:36:24'),(44,34,6,3,'pieces','2021-11-19 15:36:24','2021-11-19 15:36:24'),(45,35,6,1,'piece','2021-11-19 15:36:24','2021-11-19 15:36:24'),(46,36,6,1,'tbsp','2021-11-19 15:36:24','2021-11-19 15:36:24'),(47,37,6,300,'g','2021-11-19 15:36:24','2021-11-19 15:36:24'),(48,26,6,50,'ml','2021-11-19 15:36:24','2021-11-19 15:36:24'),(49,38,7,1,'piece','2021-11-19 15:36:24','2021-11-19 15:36:24'),(50,39,7,1,'piece','2021-11-19 15:36:24','2021-11-19 15:36:24'),(51,40,7,1,'piece','2021-11-19 15:36:24','2021-11-19 15:36:24'),(52,41,7,2,'gloves','2021-11-19 15:36:24','2021-11-19 15:36:24'),(53,42,7,8,'pieces','2021-11-19 15:36:24','2021-11-19 15:36:24'),(54,43,7,1,'kg','2021-11-19 15:36:24','2021-11-19 15:36:24'),(55,44,7,50,'ml','2021-11-19 15:36:24','2021-11-19 15:36:24'),(56,45,7,150,'g','2021-11-19 15:36:24','2021-11-19 15:36:24'),(57,46,7,10,'g','2021-11-19 15:36:24','2021-11-19 15:36:24'),(58,5,7,10,'g','2021-11-19 15:36:24','2021-11-19 15:36:24'),(59,47,7,3,'cups','2021-11-19 15:36:24','2021-11-19 15:36:24'),(60,48,8,8,'pieces','2021-11-19 15:36:24','2021-11-19 15:36:24'),(61,44,8,50,'ml','2021-11-19 15:36:24','2021-11-19 15:36:24'),(62,5,8,10,'g','2021-11-19 15:36:24','2021-11-19 15:36:24'),(63,49,8,10,'g','2021-11-19 15:36:24','2021-11-19 15:36:24'),(64,50,8,10,'pieces','2021-11-19 15:36:24','2021-11-19 15:36:24'),(65,51,9,4,'cups','2021-11-19 15:36:24','2021-11-19 15:36:24'),(66,52,9,3,'cups','2021-11-19 15:36:24','2021-11-19 15:36:24'),(67,53,9,2,'','2021-11-19 15:36:24','2021-11-19 15:36:24'),(68,54,9,1,'teaspoon','2021-11-19 15:36:24','2021-11-19 15:36:24'),(69,2,9,60,'g','2021-11-19 15:36:24','2021-11-19 15:36:24'),(70,55,9,2,'ounces','2021-11-19 15:36:24','2021-11-19 15:36:24'),(71,56,9,120,'ml','2021-11-19 15:36:24','2021-11-19 15:36:24'),(72,57,10,1,'kg','2021-11-19 15:36:24','2021-11-19 15:36:24'),(73,58,10,400,'g','2021-11-19 15:36:24','2021-11-19 15:36:24'),(74,59,10,400,'g','2021-11-19 15:36:24','2021-11-19 15:36:24'),(75,44,10,3,'tbsp','2021-11-19 15:36:24','2021-11-19 15:36:24'),(76,41,10,2,'cloves','2021-11-19 15:36:24','2021-11-19 15:36:24'),(77,60,10,1,'pinch','2021-11-19 15:36:24','2021-11-19 15:36:24'),(78,61,11,15,'ml','2021-11-19 15:36:24','2021-11-19 15:36:24'),(79,58,11,200,'g','2021-11-19 15:36:24','2021-11-19 15:36:24'),(80,41,11,2,'cloves','2021-11-19 15:36:24','2021-11-19 15:36:24'),(81,62,11,1,'tbsp','2021-11-19 15:36:24','2021-11-19 15:36:24'),(82,63,11,1,'tbsp','2021-11-19 15:36:24','2021-11-19 15:36:24'),(83,5,11,1,'pinch','2021-11-19 15:36:24','2021-11-19 15:36:24'),(84,64,11,1,'pinch','2021-11-19 15:36:24','2021-11-19 15:36:24'),(85,65,11,250,'g','2021-11-19 15:36:24','2021-11-19 15:36:24'),(86,66,11,400,'g','2021-11-19 15:36:24','2021-11-19 15:36:24'),(87,67,11,8,'cups','2021-11-19 15:36:24','2021-11-19 15:36:24'),(88,68,11,50,'g','2021-11-19 15:36:24','2021-11-19 15:36:24'),(89,69,11,2,'','2021-11-19 15:36:24','2021-11-19 15:36:24'),(90,70,11,15,'g','2021-11-19 15:36:24','2021-11-19 15:36:24'),(91,58,12,100,'g','2021-11-19 15:36:24','2021-11-19 15:36:24'),(92,39,12,150,'g','2021-11-19 15:36:24','2021-11-19 15:36:24'),(93,71,12,125,'g','2021-11-19 15:36:24','2021-11-19 15:36:24'),(94,72,12,500,'g','2021-11-19 15:36:24','2021-11-19 15:36:24'),(95,5,12,1,'teaspoons','2021-11-19 15:36:24','2021-11-19 15:36:24'),(96,73,12,10,'g','2021-11-19 15:36:24','2021-11-19 15:36:24'),(97,64,12,5,'g','2021-11-19 15:36:24','2021-11-19 15:36:24'),(98,42,12,4,'','2021-11-19 15:36:24','2021-11-19 15:36:24'),(99,44,13,50,'ml','2021-11-19 15:36:24','2021-11-19 15:36:24'),(100,74,13,3,'6-inch','2021-11-19 15:36:24','2021-11-19 15:36:24'),(101,54,13,10,'g','2021-11-19 15:36:24','2021-11-19 15:36:24'),(102,43,13,500,'g','2021-11-19 15:36:24','2021-11-19 15:36:24'),(103,75,13,1,'cup','2021-11-19 15:36:24','2021-11-19 15:36:24'),(104,76,13,2,'tbsp','2021-11-19 15:36:24','2021-11-19 15:36:24'),(105,77,14,1,'cup','2021-11-19 15:36:24','2021-11-19 15:36:24'),(106,51,14,2,'cup','2021-11-19 15:36:24','2021-11-19 15:36:24'),(107,78,14,2,'tbsp','2021-11-19 15:36:24','2021-11-19 15:36:24'),(108,79,14,2,'tbsp','2021-11-19 15:36:24','2021-11-19 15:36:24'),(109,54,14,2,'tbsp','2021-11-19 15:36:24','2021-11-19 15:36:24'),(110,80,14,16,'pieces','2021-11-19 15:36:24','2021-11-19 15:36:24'),(111,81,14,3,'sheets','2021-11-19 15:36:24','2021-11-19 15:36:24'),(112,82,14,50,'g','2021-11-19 15:36:25','2021-11-19 15:36:25'),(113,83,14,1,'','2021-11-19 15:36:25','2021-11-19 15:36:25'),(114,84,14,15,'g','2021-11-19 15:36:25','2021-11-19 15:36:25'),(115,85,15,320,'g','2021-11-19 15:36:25','2021-11-19 15:36:25'),(116,86,15,150,'g','2021-11-19 15:36:25','2021-11-19 15:36:25'),(117,87,15,6,'','2021-11-19 15:36:25','2021-11-19 15:36:25'),(118,88,15,50,'g','2021-11-19 15:36:25','2021-11-19 15:36:25'),(119,64,15,1,'pinch','2021-11-19 15:36:25','2021-11-19 15:36:25'),(120,26,16,1,'cup','2021-11-19 15:36:25','2021-11-19 15:36:25'),(121,89,16,2,'tbs','2021-11-19 15:36:25','2021-11-19 15:36:25'),(122,54,16,1,'ts','2021-11-19 15:36:25','2021-11-19 15:36:25'),(123,90,16,1,'cup','2021-11-19 15:36:25','2021-11-19 15:36:25'),(124,91,16,2,'tbsp','2021-11-19 15:36:25','2021-11-19 15:36:25'),(125,90,17,2,'cups','2021-11-19 15:36:25','2021-11-19 15:36:25'),(126,26,17,75,'ml','2021-11-19 15:36:25','2021-11-19 15:36:25'),(127,6,17,2,'','2021-11-19 15:36:25','2021-11-19 15:36:25'),(128,92,17,25,'g','2021-11-19 15:36:25','2021-11-19 15:36:25'),(129,79,17,20,'g','2021-11-19 15:36:25','2021-11-19 15:36:25'),(130,3,17,50,'g','2021-11-19 15:36:25','2021-11-19 15:36:25'),(131,29,17,1,'tbs','2021-11-19 15:36:25','2021-11-19 15:36:25'),(132,54,17,1,'pinch','2021-11-19 15:36:25','2021-11-19 15:36:25'),(133,93,17,1,'tbs','2021-11-19 15:36:25','2021-11-19 15:36:25'),(134,94,18,1,'ripe','2021-11-19 15:36:25','2021-11-19 15:36:25'),(135,68,18,1,'cup','2021-11-19 15:36:25','2021-11-19 15:36:25'),(136,95,18,20,'g','2021-11-19 15:36:25','2021-11-19 15:36:25'),(137,96,18,50,'g','2021-11-19 15:36:25','2021-11-19 15:36:25'),(138,97,18,75,'g','2021-11-19 15:36:25','2021-11-19 15:36:25'),(139,32,19,1,'cup','2021-11-19 15:36:25','2021-11-19 15:36:25'),(140,98,19,100,'g','2021-11-19 15:36:25','2021-11-19 15:36:25'),(141,95,19,20,'g','2021-11-19 15:36:25','2021-11-19 15:36:25'),(142,99,19,50,'g','2021-11-19 15:36:25','2021-11-19 15:36:25'),(143,44,20,2,'tbs','2021-11-19 15:36:25','2021-11-19 15:36:25'),(144,100,20,20,'g','2021-11-19 15:36:25','2021-11-19 15:36:25'),(145,96,20,3,'tbs','2021-11-19 15:36:25','2021-11-19 15:36:25'),(146,101,20,3,'tbs','2021-11-19 15:36:25','2021-11-19 15:36:25'),(147,102,20,3,'tbs','2021-11-19 15:36:25','2021-11-19 15:36:25'),(148,103,20,1,'cup','2021-11-19 15:36:25','2021-11-19 15:36:25'),(149,104,20,2,'tbs','2021-11-19 15:36:25','2021-11-19 15:36:25'),(150,105,20,2,'tbs','2021-11-19 15:36:25','2021-11-19 15:36:25'),(151,106,20,1,'tbs','2021-11-19 15:36:25','2021-11-19 15:36:25'),(152,92,20,20,'g','2021-11-19 15:36:25','2021-11-19 15:36:25'),(153,89,20,2,'tbs','2021-11-19 15:36:25','2021-11-19 15:36:25'),(154,107,21,200,'g','2021-11-19 15:36:25','2021-11-19 15:36:25'),(155,29,21,1,'tbs','2021-11-19 15:36:25','2021-11-19 15:36:25'),(156,108,21,3,'tbs','2021-11-19 15:36:25','2021-11-19 15:36:25'),(157,6,21,3,'','2021-11-19 15:36:25','2021-11-19 15:36:25'),(158,2,21,25,'g','2021-11-19 15:36:25','2021-11-19 15:36:25'),(159,26,21,50,'ml','2021-11-19 15:36:25','2021-11-19 15:36:25'),(160,109,21,15,'ml','2021-11-19 15:36:25','2021-11-19 15:36:25'),(161,110,21,3,'tbs','2021-11-19 15:36:25','2021-11-19 15:36:25'),(162,97,21,3,'cups','2021-11-19 15:36:25','2021-11-19 15:36:25'),(163,111,22,3,'tbs','2021-11-19 15:36:25','2021-11-19 15:36:25'),(164,6,22,4,'','2021-11-19 15:36:25','2021-11-19 15:36:25'),(165,112,22,2,'toasting','2021-11-19 15:36:25','2021-11-19 15:36:25'),(166,113,22,20,'g','2021-11-19 15:36:25','2021-11-19 15:36:25'),(167,114,22,4,'slices','2021-11-19 15:36:25','2021-11-19 15:36:25'),(168,6,23,2,'','2021-11-19 15:36:25','2021-11-19 15:36:25'),(169,115,23,80,'ml','2021-11-19 15:36:25','2021-11-19 15:36:25'),(170,116,23,40,'ml','2021-11-19 15:36:25','2021-11-19 15:36:25'),(171,8,23,1,'tbsp','2021-11-19 15:36:25','2021-11-19 15:36:25'),(172,93,23,1,'tbsp','2021-11-19 15:36:25','2021-11-19 15:36:25'),(173,117,23,4,'slices','2021-11-19 15:36:25','2021-11-19 15:36:25'),(174,109,23,2,'tbsp','2021-11-19 15:36:25','2021-11-19 15:36:25'),(175,2,23,50,'g','2021-11-19 15:36:25','2021-11-19 15:36:25'),(176,118,24,2,'pieces','2021-11-19 15:36:25','2021-11-19 15:36:25'),(177,7,24,100,'g','2021-11-19 15:36:25','2021-11-19 15:36:25'),(178,119,24,14,'ml','2021-11-19 15:36:25','2021-11-19 15:36:25'),(179,120,24,1,'tsp','2021-11-19 15:36:25','2021-11-19 15:36:25'),(180,121,24,1,'tbsp','2021-11-19 15:36:25','2021-11-19 15:36:25'),(181,122,24,35,'g','2021-11-19 15:36:25','2021-11-19 15:36:25'),(182,123,25,200,'g','2021-11-19 15:36:25','2021-11-19 15:36:25'),(183,6,25,3,'','2021-11-19 15:36:25','2021-11-19 15:36:25'),(184,2,25,25,'g','2021-11-19 15:36:25','2021-11-19 15:36:25'),(185,26,25,175,'ml','2021-11-19 15:36:25','2021-11-19 15:36:25'),(186,109,25,2,'pieces','2021-11-19 15:36:25','2021-11-19 15:36:25'),(187,110,25,2,'pieces','2021-11-19 15:36:25','2021-11-19 15:36:25'),(188,124,25,80,'g','2021-11-19 15:36:25','2021-11-19 15:36:25'),(189,125,26,150,'g','2021-11-19 15:36:26','2021-11-19 15:36:26'),(190,108,26,80,'g','2021-11-19 15:36:26','2021-11-19 15:36:26'),(191,126,26,175,'g','2021-11-19 15:36:26','2021-11-19 15:36:26'),(192,2,26,110,'g','2021-11-19 15:36:26','2021-11-19 15:36:26'),(193,90,26,65,'g','2021-11-19 15:36:26','2021-11-19 15:36:26'),(194,127,26,1,'tbsp','2021-11-19 15:36:26','2021-11-19 15:36:26'),(195,116,26,90,'ml','2021-11-19 15:36:26','2021-11-19 15:36:26'),(196,109,27,230,'ml','2021-11-19 15:36:26','2021-11-19 15:36:26'),(197,128,27,110,'g','2021-11-19 15:36:26','2021-11-19 15:36:26'),(198,6,27,4,'','2021-11-19 15:36:26','2021-11-19 15:36:26'),(199,8,27,1,'tsp','2021-11-19 15:36:26','2021-11-19 15:36:26'),(200,129,27,50,'g','2021-11-19 15:36:26','2021-11-19 15:36:26'),(201,107,27,265,'g','2021-11-19 15:36:26','2021-11-19 15:36:26'),(202,130,27,335,'g','2021-11-19 15:36:26','2021-11-19 15:36:26'),(203,131,27,265,'g','2021-11-19 15:36:26','2021-11-19 15:36:26'),(204,132,27,100,'g','2021-11-19 15:36:26','2021-11-19 15:36:26'),(205,133,27,100,'g','2021-11-19 15:36:26','2021-11-19 15:36:26'),(206,2,27,150,'g','2021-11-19 15:36:26','2021-11-19 15:36:26'),(207,134,27,300,'g','2021-11-19 15:36:26','2021-11-19 15:36:26'),(208,135,27,110,'g','2021-11-19 15:36:26','2021-11-19 15:36:26'),(209,107,28,300,'g','2021-11-19 15:36:26','2021-11-19 15:36:26'),(210,7,28,2,'tbsp','2021-11-19 15:36:26','2021-11-19 15:36:26'),(211,93,28,1,'tbsp','2021-11-19 15:36:26','2021-11-19 15:36:26'),(212,2,28,70,'g','2021-11-19 15:36:26','2021-11-19 15:36:26'),(213,87,28,2,'','2021-11-19 15:36:26','2021-11-19 15:36:26'),(214,136,28,50,'ml','2021-11-19 15:36:26','2021-11-19 15:36:26'),(215,134,28,60,'g','2021-11-19 15:36:26','2021-11-19 15:36:26'),(216,94,45,NULL,NULL,NULL,NULL),(217,166,45,NULL,NULL,NULL,NULL),(218,26,45,NULL,NULL,NULL,NULL),(219,51,45,NULL,NULL,NULL,NULL),(220,94,46,NULL,NULL,NULL,NULL),(221,94,46,NULL,NULL,NULL,NULL),(222,124,46,NULL,NULL,NULL,NULL),(223,28,46,NULL,NULL,NULL,NULL),(224,28,47,NULL,NULL,NULL,NULL),(225,124,47,NULL,NULL,NULL,NULL),(226,182,47,NULL,NULL,NULL,NULL),(227,124,48,NULL,NULL,NULL,NULL),(228,94,49,NULL,NULL,NULL,NULL),(229,94,50,NULL,NULL,NULL,NULL),(230,94,51,NULL,NULL,NULL,NULL),(231,26,51,NULL,NULL,NULL,NULL),(232,183,51,NULL,NULL,NULL,NULL),(233,97,51,NULL,NULL,NULL,NULL);
/*!40000 ALTER TABLE `ingredient_recipe` ENABLE KEYS */;
UNLOCK TABLES;

--
-- Table structure for table `ingredients`
--

DROP TABLE IF EXISTS `ingredients`;
/*!40101 SET @saved_cs_client     = @@character_set_client */;
/*!40101 SET character_set_client = utf8 */;
CREATE TABLE `ingredients` (
  `id` bigint(20) unsigned NOT NULL AUTO_INCREMENT,
  `name` varchar(255) COLLATE utf8mb4_unicode_ci DEFAULT NULL,
  `created_at` timestamp NULL DEFAULT NULL,
  `updated_at` timestamp NULL DEFAULT NULL,
  PRIMARY KEY (`id`)
) ENGINE=InnoDB AUTO_INCREMENT=184 DEFAULT CHARSET=utf8mb4 COLLATE=utf8mb4_unicode_ci;
/*!40101 SET character_set_client = @saved_cs_client */;

--
-- Dumping data for table `ingredients`
--

LOCK TABLES `ingredients` WRITE;
/*!40000 ALTER TABLE `ingredients` DISABLE KEYS */;
INSERT INTO `ingredients` VALUES (1,'dark chocolate','2021-11-19 15:36:21','2021-11-19 15:36:21'),(2,'butter','2021-11-19 15:36:21','2021-11-19 15:36:21'),(3,'all-purpose flour','2021-11-19 15:36:21','2021-11-19 15:36:21'),(4,'cocoa powder','2021-11-19 15:36:22','2021-11-19 15:36:22'),(5,'salt','2021-11-19 15:36:22','2021-11-19 15:36:22'),(6,'eggs','2021-11-19 15:36:22','2021-11-19 15:36:22'),(7,'caster sugar','2021-11-19 15:36:22','2021-11-19 15:36:22'),(8,'vanilla extract','2021-11-19 15:36:22','2021-11-19 15:36:22'),(9,'white flour','2021-11-19 15:36:22','2021-11-19 15:36:22'),(10,'softened butter','2021-11-19 15:36:22','2021-11-19 15:36:22'),(11,'sugar','2021-11-19 15:36:22','2021-11-19 15:36:22'),(12,'egg','2021-11-19 15:36:22','2021-11-19 15:36:22'),(13,'baking soda','2021-11-19 15:36:22','2021-11-19 15:36:22'),(14,'chocolate chips','2021-11-19 15:36:22','2021-11-19 15:36:22'),(15,'kernels nut','2021-11-19 15:36:22','2021-11-19 15:36:22'),(16,'powdered sugar','2021-11-19 15:36:22','2021-11-19 15:36:22'),(17,'ricotta cheese','2021-11-19 15:36:22','2021-11-19 15:36:22'),(18,'organic orange','2021-11-19 15:36:22','2021-11-19 15:36:22'),(19,'biscuits','2021-11-19 15:36:22','2021-11-19 15:36:22'),(20,'brandy or rum','2021-11-19 15:36:22','2021-11-19 15:36:22'),(21,'ladyfingers','2021-11-19 15:36:22','2021-11-19 15:36:22'),(22,'mascarpone cheese','2021-11-19 15:36:22','2021-11-19 15:36:22'),(23,'coffee','2021-11-19 15:36:22','2021-11-19 15:36:22'),(24,'figs','2021-11-19 15:36:22','2021-11-19 15:36:22'),(25,'almond flour','2021-11-19 15:36:22','2021-11-19 15:36:22'),(26,'milk','2021-11-19 15:36:22','2021-11-19 15:36:22'),(27,'lemon peel','2021-11-19 15:36:22','2021-11-19 15:36:22'),(28,'flour','2021-11-19 15:36:22','2021-11-19 15:36:22'),(29,'baking powder','2021-11-19 15:36:22','2021-11-19 15:36:22'),(30,'sweet potatoes','2021-11-19 15:36:22','2021-11-19 15:36:22'),(31,'rapeseed oil','2021-11-19 15:36:22','2021-11-19 15:36:22'),(32,'yogurt','2021-11-19 15:36:22','2021-11-19 15:36:22'),(33,'mayonnaise','2021-11-19 15:36:22','2021-11-19 15:36:22'),(34,'cornichons','2021-11-19 15:36:22','2021-11-19 15:36:22'),(35,'shallot','2021-11-19 15:36:22','2021-11-19 15:36:22'),(36,'dill','2021-11-19 15:36:22','2021-11-19 15:36:22'),(37,'frozen peas','2021-11-19 15:36:22','2021-11-19 15:36:22'),(38,'red onion','2021-11-19 15:36:22','2021-11-19 15:36:22'),(39,'red bell pepper','2021-11-19 15:36:22','2021-11-19 15:36:22'),(40,'jalapeño','2021-11-19 15:36:22','2021-11-19 15:36:22'),(41,'garlic','2021-11-19 15:36:22','2021-11-19 15:36:22'),(42,'tortillas','2021-11-19 15:36:22','2021-11-19 15:36:22'),(43,'beef','2021-11-19 15:36:22','2021-11-19 15:36:22'),(44,'olive oil','2021-11-19 15:36:22','2021-11-19 15:36:22'),(45,'beans','2021-11-19 15:36:22','2021-11-19 15:36:22'),(46,'oregano','2021-11-19 15:36:22','2021-11-19 15:36:22'),(47,'Mexican cheese blend','2021-11-19 15:36:22','2021-11-19 15:36:22'),(48,'salmon fillets','2021-11-19 15:36:22','2021-11-19 15:36:22'),(49,'pepper','2021-11-19 15:36:22','2021-11-19 15:36:22'),(50,'Lemon wedges','2021-11-19 15:36:22','2021-11-19 15:36:22'),(51,'water','2021-11-19 15:36:22','2021-11-19 15:36:22'),(52,'corn grits','2021-11-19 15:36:22','2021-11-19 15:36:22'),(53,'bay leaves','2021-11-19 15:36:22','2021-11-19 15:36:22'),(54,'kosher salt','2021-11-19 15:36:22','2021-11-19 15:36:22'),(55,'parmesan cheese','2021-11-19 15:36:22','2021-11-19 15:36:22'),(56,'heavy cream','2021-11-19 15:36:22','2021-11-19 15:36:22'),(57,'bell peppers','2021-11-19 15:36:22','2021-11-19 15:36:22'),(58,'onions','2021-11-19 15:36:22','2021-11-19 15:36:22'),(59,'tomato puree','2021-11-19 15:36:22','2021-11-19 15:36:22'),(60,'fine salt','2021-11-19 15:36:22','2021-11-19 15:36:22'),(61,'coconut oil','2021-11-19 15:36:22','2021-11-19 15:36:22'),(62,'turmeric','2021-11-19 15:36:22','2021-11-19 15:36:22'),(63,'coriander','2021-11-19 15:36:22','2021-11-19 15:36:22'),(64,'black pepper','2021-11-19 15:36:22','2021-11-19 15:36:22'),(65,'chickpeas','2021-11-19 15:36:22','2021-11-19 15:36:22'),(66,'potatoes','2021-11-19 15:36:22','2021-11-19 15:36:22'),(67,'chicken broth','2021-11-19 15:36:22','2021-11-19 15:36:22'),(68,'greek yogurt','2021-11-19 15:36:22','2021-11-19 15:36:22'),(69,'lemon','2021-11-19 15:36:22','2021-11-19 15:36:22'),(70,'cilantro','2021-11-19 15:36:22','2021-11-19 15:36:22'),(71,'mild cheddar cheese','2021-11-19 15:36:22','2021-11-19 15:36:22'),(72,'skirt steak','2021-11-19 15:36:22','2021-11-19 15:36:22'),(73,'cumin gruond','2021-11-19 15:36:22','2021-11-19 15:36:22'),(74,'corn tortillas','2021-11-19 15:36:22','2021-11-19 15:36:22'),(75,'tomato salsa','2021-11-19 15:36:22','2021-11-19 15:36:22'),(76,'taco seasoning','2021-11-19 15:36:22','2021-11-19 15:36:22'),(77,'sushi rice','2021-11-19 15:36:22','2021-11-19 15:36:22'),(78,'rice vinegar','2021-11-19 15:36:22','2021-11-19 15:36:22'),(79,'granulated sugar','2021-11-19 15:36:22','2021-11-19 15:36:22'),(80,'crabsticks','2021-11-19 15:36:22','2021-11-19 15:36:22'),(81,'nori seaweed','2021-11-19 15:36:22','2021-11-19 15:36:22'),(82,'cucumbers','2021-11-19 15:36:22','2021-11-19 15:36:22'),(83,'avocado','2021-11-19 15:36:22','2021-11-19 15:36:22'),(84,'sesame seeds','2021-11-19 15:36:22','2021-11-19 15:36:22'),(85,'spaghetti','2021-11-19 15:36:22','2021-11-19 15:36:22'),(86,'guanciale','2021-11-19 15:36:22','2021-11-19 15:36:22'),(87,'egg yolks','2021-11-19 15:36:22','2021-11-19 15:36:22'),(88,'Pecorino Romano cheese ','2021-11-19 15:36:22','2021-11-19 15:36:22'),(89,'honey','2021-11-19 15:36:22','2021-11-19 15:36:22'),(90,'rolled oats','2021-11-19 15:36:22','2021-11-19 15:36:22'),(91,'peanut butter','2021-11-19 15:36:22','2021-11-19 15:36:22'),(92,'unsalted butter','2021-11-19 15:36:22','2021-11-19 15:36:22'),(93,'cinnamon','2021-11-19 15:36:22','2021-11-19 15:36:22'),(94,'banana','2021-11-19 15:36:22','2021-11-19 15:36:22'),(95,'jam','2021-11-19 15:36:22','2021-11-19 15:36:22'),(96,'almonds','2021-11-19 15:36:22','2021-11-19 15:36:22'),(97,'blueberries','2021-11-19 15:36:22','2021-11-19 15:36:22'),(98,'fresh fruit','2021-11-19 15:36:22','2021-11-19 15:36:22'),(99,'granola','2021-11-19 15:36:22','2021-11-19 15:36:22'),(100,'millet','2021-11-19 15:36:22','2021-11-19 15:36:22'),(101,'pumpkin seeds','2021-11-19 15:36:22','2021-11-19 15:36:22'),(102,'sunflower seeds','2021-11-19 15:36:22','2021-11-19 15:36:22'),(103,'dried apricots ','2021-11-19 15:36:22','2021-11-19 15:36:22'),(104,'chia seeds','2021-11-19 15:36:22','2021-11-19 15:36:22'),(105,'flaxseed','2021-11-19 15:36:22','2021-11-19 15:36:22'),(106,'sesame','2021-11-19 15:36:22','2021-11-19 15:36:22'),(107,'self-raising flour','2021-11-19 15:36:22','2021-11-19 15:36:22'),(108,'golden caster sugar','2021-11-19 15:36:22','2021-11-19 15:36:22'),(109,'vegetable oil','2021-11-19 15:36:22','2021-11-19 15:36:22'),(110,'maple syrup','2021-11-19 15:36:22','2021-11-19 15:36:22'),(111,'wine vinegar','2021-11-19 15:36:22','2021-11-19 15:36:22'),(112,'muffins','2021-11-19 15:36:22','2021-11-19 15:36:22'),(113,'hollandaise sauce','2021-11-19 15:36:22','2021-11-19 15:36:22'),(114,'parma ham','2021-11-19 15:36:22','2021-11-19 15:36:22'),(115,'whole milk','2021-11-19 15:36:22','2021-11-19 15:36:22'),(116,'double cream','2021-11-19 15:36:22','2021-11-19 15:36:22'),(117,'brioche','2021-11-19 15:36:22','2021-11-19 15:36:22'),(118,'pears','2021-11-19 15:36:22','2021-11-19 15:36:22'),(119,'lemon juice','2021-11-19 15:36:22','2021-11-19 15:36:22'),(120,'vanilla bean paste','2021-11-19 15:36:22','2021-11-19 15:36:22'),(121,'almond butter','2021-11-19 15:36:22','2021-11-19 15:36:22'),(122,'flaked almonds','2021-11-19 15:36:22','2021-11-19 15:36:22'),(123,'Feta cheese','2021-11-19 15:36:22','2021-11-19 15:36:22'),(124,'tomatoes','2021-11-19 15:36:22','2021-11-19 15:36:22'),(125,'apples','2021-11-19 15:36:22','2021-11-19 15:36:22'),(126,'plain flour','2021-11-19 15:36:22','2021-11-19 15:36:22'),(127,'demerara sugar','2021-11-19 15:36:22','2021-11-19 15:36:22'),(128,'natural yogurt','2021-11-19 15:36:22','2021-11-19 15:36:22'),(129,'orange zested','2021-11-19 15:36:22','2021-11-19 15:36:22'),(130,'muscovado sugar','2021-11-19 15:36:22','2021-11-19 15:36:22'),(131,'carrots','2021-11-19 15:36:22','2021-11-19 15:36:22'),(132,'raisins','2021-11-19 15:36:22','2021-11-19 15:36:22'),(133,'walnuts','2021-11-19 15:36:22','2021-11-19 15:36:22'),(134,'icing sugar','2021-11-19 15:36:22','2021-11-19 15:36:22'),(135,'soft cheese','2021-11-19 15:36:22','2021-11-19 15:36:22'),(136,'golden syrup','2021-11-19 15:36:22','2021-11-19 15:36:22'),(182,'cheese','2021-11-24 07:59:55','2021-11-24 07:59:55'),(183,'strawberie','2021-11-24 21:57:53','2021-11-24 21:57:53');
/*!40000 ALTER TABLE `ingredients` ENABLE KEYS */;
UNLOCK TABLES;

--
-- Table structure for table `instructions`
--

DROP TABLE IF EXISTS `instructions`;
/*!40101 SET @saved_cs_client     = @@character_set_client */;
/*!40101 SET character_set_client = utf8 */;
CREATE TABLE `instructions` (
  `id` bigint(20) unsigned NOT NULL AUTO_INCREMENT,
  `recipe_id` int(11) DEFAULT NULL,
  `text` text COLLATE utf8mb4_unicode_ci DEFAULT NULL,
  `step` int(11) DEFAULT NULL,
  `created_at` timestamp NULL DEFAULT NULL,
  `updated_at` timestamp NULL DEFAULT NULL,
  PRIMARY KEY (`id`)
) ENGINE=InnoDB AUTO_INCREMENT=188 DEFAULT CHARSET=utf8mb4 COLLATE=utf8mb4_unicode_ci;
/*!40101 SET character_set_client = @saved_cs_client */;

--
-- Dumping data for table `instructions`
--

LOCK TABLES `instructions` WRITE;
/*!40000 ALTER TABLE `instructions` DISABLE KEYS */;
INSERT INTO `instructions` VALUES (1,1,'First preheat the oven to 180° degrees. Cut the butter into small cubes. Break the dark chocolate into small pieces.',1,'2021-11-19 15:36:22','2021-11-19 15:36:22'),(2,1,'Put the butter and the chocolate in a heatproof bowl and place it on top of a casserole pan of barely simmering water. Melt them stirring occasionally until smooth, shiny and glossy. Then let the melted mixture cool at room temperature.',2,'2021-11-19 15:36:22','2021-11-19 15:36:22'),(3,1,'When the mixture is almost cool, add the eggs (two at a time) and mix until well combined. Then add the sugar and the vanilla and mix again.',3,'2021-11-19 15:36:22','2021-11-19 15:36:22'),(4,1,'Weigh the flour, the cocoa powder and the salt and mix them. Then sift the mixture and beat until combined.',4,'2021-11-19 15:36:22','2021-11-19 15:36:22'),(5,1,'Line a 20 (or 22) cm square tin with non-stick baking paper. Pour the batter into the prepared tin and level it using a spatula. Spread it to all four sides of the tin.',5,'2021-11-19 15:36:22','2021-11-19 15:36:22'),(6,1,'Bake the apple cake in the oven for approx 25/30 minutes. The cake is done when you insert a cake tester (or even a simple toothpick) into the centre of the cake and it comes out lightly humid. ',6,'2021-11-19 15:36:22','2021-11-19 15:36:22'),(7,1,'Finally, remove from the oven and leave it in the tin until completely cold. Then lift out the cake using the baking paper and cut into 9 quarters. If you prefer smaller chocolate brownies, you can cut each quarter into 4 squares.',7,'2021-11-19 15:36:22','2021-11-19 15:36:22'),(8,1,'You can keep them in a sealed container at room temperaturefor up to 3 days.You can also freeze themfor up to a month.Enjoy!',8,'2021-11-19 15:36:22','2021-11-19 15:36:22'),(9,2,'Preheat oven to 190°. In a bowl, beat the softened butter with the sugar until creamy.',1,'2021-11-19 15:36:22','2021-11-19 15:36:22'),(10,2,' Then add the egg.',2,'2021-11-19 15:36:22','2021-11-19 15:36:22'),(11,2,'Mix and add the white flour sifted with the baking soda and the salt.',3,'2021-11-19 15:36:22','2021-11-19 15:36:22'),(12,2,'Add the chopped nuts and the chocolate chips.',4,'2021-11-19 15:36:22','2021-11-19 15:36:22'),(13,2,'Mix to combine all the ingredients.',5,'2021-11-19 15:36:22','2021-11-19 15:36:22'),(14,2,'Drop by spoonfuls onto a baking sheet.',6,'2021-11-19 15:36:22','2021-11-19 15:36:22'),(15,2,'Bake for 10 minutes in the preheated oven.',7,'2021-11-19 15:36:22','2021-11-19 15:36:22'),(16,3,'Chop chocolate with a knife. Set aside.',1,'2021-11-19 15:36:22','2021-11-19 15:36:22'),(17,3,' Wash the orange thoroughly and zest it. Remove just the very outer layer of skin (you can use a zester or a grater). Set aside.',2,'2021-11-19 15:36:22','2021-11-19 15:36:22'),(18,3,'Slice the orange in half and squeeze it (you can use a plain or an electric juicer).',3,'2021-11-19 15:36:22','2021-11-19 15:36:22'),(19,3,'Filter the orange juice with a fine mesh stainer.',4,'2021-11-19 15:36:22','2021-11-19 15:36:22'),(20,3,'Add a tablespoon of rum or brandy to the filtered orange juice (optional). Break the biscuits into small pieces, but do not powder them (you can use a rolling pin, the back of a spoon or a meat tenderizer). Put them in a bowl.',5,'2021-11-19 15:36:22','2021-11-19 15:36:22'),(21,3,'Pour the orange juice over the biscuits and gently mix with a spoon. Set aside.',6,'2021-11-19 15:36:22','2021-11-19 15:36:22'),(22,3,' Put the ricotta cheese and the sugar in a bowl. Beat them with an electric whisk for a couple of minutes, then add the orange zest (set aside a little bit of it for the final decoration).  ',7,'2021-11-19 15:36:22','2021-11-19 15:36:22'),(23,3,'Mix with a spoon to combine all the ingredients.            ',8,'2021-11-19 15:36:22','2021-11-19 15:36:22'),(24,3,'Put two teaspoons of biscuits in the base of each serving cup. Cover them with a layer of ricotta cream, then sprinkle some chopped chocolate over the cream.',9,'2021-11-19 15:36:22','2021-11-19 15:36:22'),(25,3,'Add a second layer of bisuits;cover with ricotta cream and sprinkle other chopped chocolate.To finish, decorate each cup with the zest previouslyset aside.Store the chocolate cups in the fridge until ready to serve.',10,'2021-11-19 15:36:22','2021-11-19 15:36:22'),(26,4,'To prepare tiramisù, start with very fresh eggs: carefully separate the egg whites from the yolks 1, remembering that to whip the egg whites well they must not contain any trace of yolk.',1,'2021-11-19 15:36:22','2021-11-19 15:36:22'),(27,4,'Then whip the egg yolks with a hand mixer, pouring in only half of the sugar 2. ',2,'2021-11-19 15:36:22','2021-11-19 15:36:22'),(28,4,'As soon as the mixture has become clear and frothy 3,and with the mixer still running, you can add mascarpone cheese, little by little 4.            ',3,'2021-11-19 15:36:22','2021-11-19 15:36:22'),(29,4,'When all the cheese is incorporated, you will have obtained a thick and compact cream; set it aside 5.',4,'2021-11-19 15:36:22','2021-11-19 15:36:22'),(30,4,' Clean the mixer attachments very well and beat the egg whites, pouring in the remaining sugar a little at a time 6.',5,'2021-11-19 15:36:22','2021-11-19 15:36:22'),(31,4,'Whisk them into stiff peaks 7; you will know they\'re ready if the mixture does not move when you overturn the bowl. ',6,'2021-11-19 15:36:22','2021-11-19 15:36:22'),(32,4,' Take a spoonful of egg whites and pour it into the bowl with egg yolks and sugar and stir vigorously with a spatula, to thin the mixture 8.',7,'2021-11-19 15:36:22','2021-11-19 15:36:22'),(33,4,'Then proceed to add the remaining egg whites, little by little, stirring very gently from bottom to top 9.            ',8,'2021-11-19 15:36:22','2021-11-19 15:36:22'),(34,4,'Once ready, place a generous spoonful of cream on the bottom of a 12x8in baking pan and spread it evenly 11. ',9,'2021-11-19 15:36:22','2021-11-19 15:36:22'),(35,4,'Then soak the ladyfingers for a few moments in the cooled coffee, which you will have sweetened to your liking (we added only 1 teaspoon of sugar) 12,first on one side and then the other.',10,'2021-11-19 15:36:23','2021-11-19 15:36:23'),(36,4,' Arrange the soaked ladyfingers on top of the cream 14, side by side, to create the first layer, over which you will spread part of the mascarpone cheese cream 15.',11,'2021-11-19 15:36:23','2021-11-19 15:36:23'),(37,4,'Make sure to level it carefully so that you have a smooth surface 16.',12,'2021-11-19 15:36:23','2021-11-19 15:36:23'),(38,4,' Continue to arrange the coffee-soaked ladyfingers 17, then add another layer of cream 18.',13,'2021-11-19 15:36:23','2021-11-19 15:36:23'),(39,4,'Level the surface 19, sprinkle it with unsweetened cocoa powder, and allow it to set in the fridge for a couple of hours 20. ',14,'2021-11-19 15:36:23','2021-11-19 15:36:23'),(40,4,'Your Tiramisù is ready to be enjoyed 21!',15,'2021-11-19 15:36:23','2021-11-19 15:36:23'),(41,5,'To prepare the fig cake, start with the batter: Cut the butter (at room temperature) into chunks and place in the bowl of a stand mixer. Add the sugar 1 and run at medium-low speed until the mixture is light and fluffy. Beat the eggs with a fork in a bowl and then gradually add them to the mixture 2 until they are well blended. Then add a pinch of salt and, while the mixer is running, the grated lemon zest 3.',1,'2021-11-19 15:36:23','2021-11-19 15:36:23'),(42,5,'With the mixer still running, sift the cake flour, almond flour 4, and baking powder 5 into a separate bowl and add this to the mixer bowl one spoonful at a time 6.',2,'2021-11-19 15:36:23','2021-11-19 15:36:23'),(43,5,'When the powdered ingredients are well blended, add the milk at room temperature 7. Continue blending this batter until the milk is absorbed. Now pour the batter into a buttered and floured 9-inch (22-cm) springform cake pan 8. Using a spatula, spread and level the mixture evenly in the pan 9.',3,'2021-11-19 15:36:23','2021-11-19 15:36:23'),(44,5,'Now move onto the figs: Peel them 10, then cut them into slices that are fairly thin 11. Go back to the cake pan and start arranging the fig slices in a circle.',4,'2021-11-19 15:36:23','2021-11-19 15:36:23'),(45,5,'Start at one point 12 and keep adding the other figs until you\'ve covered the entire surface, beginning at the outside and working your way in toward the center 13. Garnish the surface with the sliced almonds 14 and sprinkle with brown sugar 15.',5,'2021-11-19 15:36:23','2021-11-19 15:36:23'),(46,5,'Once you\'ve finished topping the cake 16, bake in a conventional oven preheated to 340°F (170°C) for 40-45 minutes. As the cake bakes, the raw sugar will add an amber sheen to the surface. If you find it too dark after the first half hour of baking, cover with foil for the rest of the baking time. Once baked, do the toothpick test: Pierce the cake with a toothpick, and if it comes out dry and clean, this means that the cake is ready 17.',6,'2021-11-19 15:36:23','2021-11-19 15:36:23'),(47,5,' Once you\'ve taken it out of the oven, leave it to cool and then remove it from the pan 18. Your cake is ready to be enjoyed!',7,'2021-11-19 15:36:23','2021-11-19 15:36:23'),(48,6,'Heat the oven to 220C/200C fan/gas 8. Toss the sweet potatoes with the oil and some seasoning on a baking tray. Roast for 20 mins.',1,'2021-11-19 15:36:23','2021-11-19 15:36:23'),(49,6,'Combine the yogurt, mayonnaise, cornichons and reserved brine, the shallot and dill with 1 tbsp cold water in a small bowl and set aside. ',2,'2021-11-19 15:36:23','2021-11-19 15:36:23'),(50,6,'Meanwhile, put the peas in a pan with the milk, bring to a simmer and cook for 5 mins. Blitz the mixture using a hand blender until roughly puréed. Stir in the mint and season to taste. Set aside.',3,'2021-11-19 15:36:23','2021-11-19 15:36:23'),(51,6,'Add the cod or pollock to the baking tray with the sweet potatoes, season and cook for 10-15 mins more, or until cooked through. Warm through the pea mixture. Scatter over some dill and serve the traybake with the yogurt tartare and the mushy peas.',4,'2021-11-19 15:36:23','2021-11-19 15:36:23'),(52,7,'Arrange a rack in the middle of the oven and heat the oven to 375℉.',1,'2021-11-19 15:36:23','2021-11-19 15:36:23'),(53,7,'Dice 1 medium red onion. Core, seed, and dice 1 medium red bell pepper and 1 jalapeño if using. Mince 2 garlic cloves. Cut 8 (6-inch) tortillas in half.',2,'2021-11-19 15:36:23','2021-11-19 15:36:23'),(54,7,'Heat a large skillet over medium-high heat until shimmering. Add 1 pound lean ground beef and cook, breaking up the meat with a wooden spoon, until browned and cooked through, 6 to 8 minutes. Using a slotted spoon, transfer the meat to a plate, then pour off any fat from the skillet.',3,'2021-11-19 15:36:23','2021-11-19 15:36:23'),(55,7,'Add 2 tablespoons olive oil to the pan and heat over medium-high heat until shimmering. Add the onion, bell pepper, jalapeño or 4 ounces drained diced green chiles, and garlic. Cook, stirring occasionally, until softened, 5 to 7 minutes. Meanwhile, drain and rinse 1 can black or pinto beans.',4,'2021-11-19 15:36:23','2021-11-19 15:36:23'),(56,7,'Return the beef and any accumulated juices to the skillet. Add 1 tablespoon taco seasoning, 1 teaspoon ground cumin, 1 teaspoon dried oregano, and 1/4 teaspoon black pepper. Cook, stirring often, until the spices are fragrant, about 2 minutes. Remove the pan from the heat.            ',5,'2021-11-19 15:36:23','2021-11-19 15:36:23'),(57,7,'Spread 1 tablespoon tomato sauce from an 8-ounce can in the bottom of an 8x8-inch or other 2-quart baking dish. Pour the remaining sauce into the ground beef mixture and stir to combine. Taste and season with kosher salt and more cumin as needed.            ',6,'2021-11-19 15:36:23','2021-11-19 15:36:23'),(58,7,'Arrange 5 tortilla halves in a single layer in the baking dish, overlapping them as needed. Spread half of the ground beef mixture over the tortillas, then top with half of the beans and sprinkle with 1 cup of the shredded Mexican cheese blend. Repeat layering 5 more tortilla halves, the remaining meat mixture, the remaining beans, and 1 cup of the shredded cheese. Top with the remaining tortilla halves and sprinkle with the remaining 1 cup cheese.            ',7,'2021-11-19 15:36:23','2021-11-19 15:36:23'),(59,7,'Cover the baking dish loosely with aluminum foil. Bake for 15 minutes. Uncover and bake until the cheese is bubbly and beginning to brown, about 10 minutes. Let cool for at least 10 minutes before serving. Garnish with the desired toppings.',8,'2021-11-19 15:36:23','2021-11-19 15:36:23'),(60,8,'Preheat the oven to 425°F: Heat the oven to 425°F with a rack placed in the middle. Line a roasting pan or baking sheet with foil.            ',1,'2021-11-19 15:36:23','2021-11-19 15:36:23'),(61,8,'Pat the salmon dry: Pat the salmon dry with a paper towel.            ',2,'2021-11-19 15:36:23','2021-11-19 15:36:23'),(62,8,'Rub the salmon with oil, salt, and pepper: Drizzle some oil over the top of each salmon — just enough to coat the salmon — and rub it over the salmon with your fingers or a pastry brush. Sprinkle the salmon generously with salt and pepper.            ',3,'2021-11-19 15:36:23','2021-11-19 15:36:23'),(63,8,'Place the salmon in the roasting pan: Place the salmon in the roasting pan, skin-side down. Transfer to the oven.            ',4,'2021-11-19 15:36:23','2021-11-19 15:36:23'),(64,8,' Roast for 4 to 6 minutes per half-inch thickness of salmon: Roasting time depends on the thickness of your salmon, as determined by the thickest part of the salmon fillet. For every half-inch of salmon, roast 4 to 6 minutes — 4 minutes will give you salmon that is still a touch rare, 6 minutes will thoroughly cook it.            ',5,'2021-11-19 15:36:23','2021-11-19 15:36:23'),(65,8,'  Salmon is done when easily flaked: You can also check the doneness of your salmon with a fork. When the salmon flakes easily with a fork, it\'s ready. If you like, you can use an instant read thermometer to check the fish for doneness. The USDA recommends a minimum internal temperature of 145°F, which should be measured at the thickest part of the fillet.',6,'2021-11-19 15:36:23','2021-11-19 15:36:23'),(66,8,'layering 5 more tortilla halves, the remaining meat mixture, the remaining beans, and 1 cup of the shredded cheese. Top with the remaining tortilla halves and sprinkle with the remaining 1 cup cheese.            ',7,'2021-11-19 15:36:23','2021-11-19 15:36:23'),(67,8,'Serve immediately: Enjoy your salmon immediately. Leftovers will keep refrigerated for about 5 days, and can be gently reheated in the microwave or used cold.            ',8,'2021-11-19 15:36:23','2021-11-19 15:36:23'),(68,9,'Heat and soak the grits. Place 4 cups water, 1 1/2 cups grits, 2 dried bay leaves, and 1/2 teaspoon kosher salt in a large pot or Dutch oven and bring to a boil over high heat. Immediately remove from the heat, cover, and set aside for 15 minutes. Meanwhile, prepare the butter and cheese.',1,'2021-11-19 15:36:23','2021-11-19 15:36:23'),(69,9,'Prepare the butter and cheese. Cut 8 tablespoons unsalted butter into 8 pieces and grate until you have 1/2 cup Parmesan cheese.',2,'2021-11-19 15:36:23','2021-11-19 15:36:23'),(70,9,'Boil the grits. Uncover and return the grits to a boil over medium-high heat. Cook, stirring regularly with a whisk and scraping the bottom to prevent clumping or burning, for 20 to 25 minutes.',3,'2021-11-19 15:36:23','2021-11-19 15:36:23'),(71,9,'Finish the grits. The grits are ready when most of the water is absorbed and the grits are al dente (tender with a toothsome bite). Remove from the heat. Remove and discard the bay leaves. Stir in the butter, cheese, and 1 cup heavy cream just before serving.',4,'2021-11-19 15:36:23','2021-11-19 15:36:23'),(72,10,'To prepare peperonata,wash and dry the peppers.Then slice them lengthwise,all around the core 1,remove the white filaments and reduce them to thin layers 2. Peel and slice the onions 3.',1,'2021-11-19 15:36:23','2021-11-19 15:36:23'),(73,10,'Pour a drizzle of oil and the whole garlic cloves into a large pan 4. Heat and add the onions 5. Stew the onions over medium-low heat for about 15 minutes, stirring occasionally. When they are softened and have released their water 6,pour in the peppers 7.   ',2,'2021-11-19 15:36:23','2021-11-19 15:36:23'),(74,10,'Add salt 8 and pepper, then stir 9 and cover with a lid 10: cook the peppers for another 15 minutes over medium heat. ',3,'2021-11-19 15:36:23','2021-11-19 15:36:23'),(75,10,'The peppers will be softened 11, remove the cloves of garlic, and pour in the tomato puree 12,stir 13 and cook for another 15 minutes with the lid on 14.             ',4,'2021-11-19 15:36:23','2021-11-19 15:36:23'),(76,10,'Once cooked, your peperonata is ready to be enjoyed 15 hot, warm or even cold to accompany meat, fish or cheese dishes!',5,'2021-11-19 15:36:23','2021-11-19 15:36:23'),(77,11,'Heat the oil in a large skillet over medium heat until shimmering. Add the onion and cook, stirring occasionally, until soft, about 5 minutes. Add the garlic, turmeric, coriander, salt, and pepper, and cook, stirring occasionally, for 2 minutes. Transfer to a 6-quart or larger slow cooker.',1,'2021-11-19 15:36:23','2021-11-19 15:36:23'),(78,11,'Add the chickpeas, potatoes, and broth, and stir to combine. Cover and cook on the LOW setting until the beans are tender, 8 to 10 hours.',2,'2021-11-19 15:36:23','2021-11-19 15:36:23'),(79,11,'Use an immersion blender to purée the soup until smooth in the slow cooker, or purée the soup in a blender, working in batches if necessary.',3,'2021-11-19 15:36:23','2021-11-19 15:36:23'),(80,11,'Ladle into bowls, then garnish with a dollop of Greek yogurt, a squeeze of lemon juice, and cilantro.',4,'2021-11-19 15:36:23','2021-11-19 15:36:23'),(81,12,'Thinly slice 1 medium yellow onion. Core, seed, and thinly slice 1 medium bell pepper. Grate 16 ounces Monterey Jack, mild cheddar cheese, or a combination on the large holes of a box grater (about 5 cups). Pat 1 pound flank or skirt steak dry with paper towels, then season all over with 1 teaspoon of the kosher salt, 1 teaspoon ground cumin, and 1/4 teaspoon black pepper. Cut the skirt steak crosswise into 2 to 3 pieces to fit in the skillet if needed.',1,'2021-11-19 15:36:23','2021-11-19 15:36:23'),(82,12,'Heat 1 tablespoon of the vegetable oil in a 12-inch cast iron skillet or heavy frying pan over medium-high heat until just starting to smoke. Working in 2 batches if needed, place the steak in the pan and cook undisturbed for 1 minute. Flip and continue to cook, flipping every minute, until both sides have a nice char, and the steak registers 130°F for medium-rare, about 4 minutes total, or 140°F for medium, about 6 to 8 minutes total. Transfer the steak to a clean cutting board, loosely cover with aluminum foil, and let rest while you cook the peppers and onions.',2,'2021-11-19 15:36:23','2021-11-19 15:36:23'),(83,12,'Reduce the heat to medium and add the remaining 1 tablespoon vegetable oil to the skillet. Add the onion, the remaining 1/4 teaspoon kosher salt, and a few grinds black pepper. Cook, stirring occasionally, until softened and lightly charred around the edges, about 5 minutes. Transfer the onions and peppers to a bowl. Wipe the skillet clean.',3,'2021-11-19 15:36:23','2021-11-19 15:36:23'),(84,12,'Thinly slice the steak across the grain or dice.',4,'2021-11-19 15:36:23','2021-11-19 15:36:23'),(85,12,'Place 4 (10-inch) flour tortillas on a work surface. Sprinkle 1/2 cup of the shredded cheese onto one half of each tortilla, leaving a 1/2-inch border from the edge. Divide the steak, peppers, and onions over the cheese. Sprinkle the remaining cheese over the steak and vegetables. Fold each tortilla in half over the filling and gently press down.',5,'2021-11-19 15:36:23','2021-11-19 15:36:23'),(86,12,'Brush the skillet with a thin layer of vegetable oil. Add 2 quesadillas to the pan and cook over medium-low heat until the cheese is mostly melted and the bottoms are browned, 1 to 2 minutes. Flip with a thin metal spatula and cook until the cheese is melted and the second side is browned.',6,'2021-11-19 15:36:23','2021-11-19 15:36:23'),(87,12,'Transfer the quesadillas to a cutting board. Brush the skillet with more oil and repeat cooking the remaining quesadillas. Cut the quesadillas into wedges. Serve with sour cream, salsa, and/or guacamole if desired.',7,'2021-11-19 15:36:23','2021-11-19 15:36:23'),(88,13,'Fry the tortilla strips. Heat the oil in a large skillet over medium-high heat until shimmering. Add the tortilla strips and fry, stirring occasionally, until golden-brown and crisp, 2 to 3 minutes. Remove the tortilla strips to a paper towel and sprinkle with salt.',1,'2021-11-19 15:36:23','2021-11-19 15:36:23'),(89,13,'Cook the taco beef. Drain off any excess oil from the skillet and return it to medium-high heat. Add the beef and cook, breaking the meat up into small pieces with a stiff spatula, until cooked through and starting to brown, about 8 minutes. Add the salsa and taco seasoning and cook until the liquid in the pan thickens slightly, 2 to 3 minutes more. Remove the skillet from the heat while you build the rest of the salad.',2,'2021-11-19 15:36:23','2021-11-19 15:36:23'),(90,13,'Make the dressing. Whisk all the ingredients together in a small bowl.',3,'2021-11-19 15:36:23','2021-11-19 15:36:23'),(91,13,'Build the salad. Place the romaine, cilantro, and scallions or onion in a large bowl and toss to combine. Add the corn, black beans, tomatoes, cheese, and avocado if using. Top the salad with the browned beef and tortilla strips.',4,'2021-11-19 15:36:23','2021-11-19 15:36:23'),(92,13,'Dress the salad and serve. Just before serving, add half of the dressing to the salad and use tongs to toss until well coated. Taste and add more dressing, if desired.',5,'2021-11-19 15:36:23','2021-11-19 15:36:23'),(93,14,'Rinse the rice. Place the rice in a fine-mesh strainer and rinse under cold water for a minute to get rid of some of the milky starch. Drain well.',1,'2021-11-19 15:36:23','2021-11-19 15:36:23'),(94,14,'Cook the rice. Place the rice and water in a medium saucepan and bring to a boil over medium-high heat. Cover and cook on low heat for 15 minutes. Remove from the heat and let steam, covered, for 15 minutes. (Alternatively, cook the rice in a rice cooker.) Meanwhile, prepare the vinegar seasoning and fillings.',2,'2021-11-19 15:36:23','2021-11-19 15:36:23'),(95,14,'Make the vinegar seasoning. Microwave the vinegar, sugar, and salt together in a small microwave-safe bowl in 15-second bursts, stirring between bursts, until warm to the touch and the sugar and salt are dissolved, 1 to 2 bursts. (You can also do this in a small saucepan on the stove.)',3,'2021-11-19 15:36:23','2021-11-19 15:36:23'),(96,14,'Prepare the crabsticks and nori sheets. Unwrap the crabsticks if needed. Halve the nori sheets: for each sheet, position it with a long side closer to you. (If the nori is scored with lines, the lines should be running from top to bottom.) Fold it in half from left to right, it should then easily tear along the crease.',4,'2021-11-19 15:36:23','2021-11-19 15:36:23'),(97,14,'Prepare the cucumber and avocado. Cut the cucumbers lengthwise into pencil-thin sticks (about 1/3-inch wide). Halve and pit the avocado. Peel the avocado, then cut lengthwise into 1/3-inch thick slices. For the wide center slices, lay them flat and cut into 1/3-inch wide sticks so that they are shaped like the cucumber sticks.',5,'2021-11-19 15:36:23','2021-11-19 15:36:23'),(98,14,'Season and cool the rice. When the rice is ready, transfer it to a large, wide bowl. Drizzle with the vinegar mixture and fold it in with a rubber spatula until thoroughly combined and cooled to room temperature. You can speed up the process by fanning it while folding.',6,'2021-11-19 15:36:23','2021-11-19 15:36:23'),(99,14,'Top the nori with rice. Have a small bowl of water for dampening hands handy. Place a bamboo sushi mat on a work surface with the slats running from side to side. Place a sheet of nori with a long side lined up with the bottom edge of the mat. With dampened hands, place 1/6 (scant 2/3 cup) of the rice on the nori and press into an even layer to the edges.',7,'2021-11-19 15:36:23','2021-11-19 15:36:23'),(100,14,'Sprinkle with sesame seeds. Sprinkle the rice with about 1/4 teaspoon sesame seeds.',8,'2021-11-19 15:36:23','2021-11-19 15:36:23'),(101,14,'Flip the nori and rice over and press. Flip the rice-covered nori over. Fold the top half of the bamboo mat over the nori and press down to compact the rice slightly.',9,'2021-11-19 15:36:23','2021-11-19 15:36:23'),(102,14,'Add the filling to the nori side. Open the mat up again. Lay 2 crabsticks across the middle of the nori. Place a row of cucumber sticks next to the crabsticks (trim them as needed to fit). Top the crabsticks with avocado slices, trimming as needed to fit.',10,'2021-11-19 15:36:23','2021-11-19 15:36:23'),(103,14,'Roll the sushi. Lift up the bottom edge of the mat and roll until the top and bottom of the nori are touching and the mat is completely wrapped over the sushi roll.',11,'2021-11-19 15:36:23','2021-11-19 15:36:23'),(104,14,'Mold the sushi. While holding the mat over the sushi roll in place, gently pull the top of the mat to pull it taut. Gently squeeze along the length of the roll so that it holds together.',12,'2021-11-19 15:36:23','2021-11-19 15:36:23'),(105,14,'Shape the sushi if needed. Unroll the mat. Check the sushi roll. If it is not perfectly round, fold the mat over the roll and gently shape it into a round shape.',13,'2021-11-19 15:36:23','2021-11-19 15:36:23'),(106,14,'Repeat rolling. Transfer the sushi to a plate seam-side down. If there is any rice stuck to the bamboo mat, remove it before making the next sushi roll. Roll the remaining pieces of nori, you may have some cucumber and avocado left.',14,'2021-11-19 15:36:23','2021-11-19 15:36:23'),(107,14,'Cut each roll into 6 pieces. Cut the sushi rolls with a damp knife — a very sharp chef\'s knife or serrated knife works best. For each roll, cut it in half crosswise. Place the two pieces next to each other and cut twice more so that you end up with 6 pieces. Turn the pieces so that they are cut side up. For the best presentation, place the two end pieces in the middle.',15,'2021-11-19 15:36:23','2021-11-19 15:36:23'),(108,14,'Serve the sushi. The sushi is best served within an hour or two, so keep covered in plastic wrap to prevent it from drying out if not serving immediately. Serve with wasabi, pickled ginger, and soy sauce or tamari for dipping.',16,'2021-11-19 15:36:23','2021-11-19 15:36:23'),(109,15,'To prepare spaghetti carbonara start by putting a pot of salted water on the burner to cook the pasta. In the meantime, remove the pork rind from the guanciale 1 and cut it first into slices and then into strips about 1/2 (1cm)  2 thick. The removed rind can be reused to flavor other things. Put the pieces into a non-stick pan 3 and brown for about 15 minutes over medium heat, being careful not to burn it or it will smell too strong.',1,'2021-11-19 15:36:23','2021-11-19 15:36:23'),(110,15,'Meanwhile, put spaghetti in boiling water 4 and cook for the time indicated on the package. In the meantime, pour the yolks into a bowl 5, add most of the Pecorino cheese needed for the recipe and the remaining part will be used just before serving.',2,'2021-11-19 15:36:23','2021-11-19 15:36:23'),(111,15,'Season with black pepper 7 and whip by hand 8. Add a tablespoon of cooking water to dilute the mixture and stir 9.',3,'2021-11-19 15:36:23','2021-11-19 15:36:23'),(112,15,'In the meantime the guanciale will be cooked, turn off the burner and set it aside 10. Drain the pasta al dente directly into the pan with the guanciale 11 and stir it briefly to season it. Remove from heat and pour the mixture of eggs and pecorino cheese 12 into the pan. Mix quickly to combine.',4,'2021-11-19 15:36:23','2021-11-19 15:36:23'),(113,15,'To make it very creamy, if necessary, you can add a little cooking water to your pasta 13. Serve spaghetti carbonara immediately with the remaining pecorino cheese 14 and ground black pepper 15 on top.',5,'2021-11-19 15:36:23','2021-11-19 15:36:23'),(114,16,'Place 1 1/2 cups milk or water, 2 tablespoons maple syrup or honey, and 1/4 teaspoon kosher salt in a medium saucepan and bring to a boil over high heat. Reduce the heat to medium-low to maintain a gentle simmer.',1,'2021-11-19 15:36:23','2021-11-19 15:36:23'),(115,16,'Add 1 cup old-fashioned rolled oats and stir to combine. Cook, stirring often, until about 2/3 of the liquid has been absorbed by the oats, 3 1/2 to 4 1/2 minutes. (The oatmeal will still look very runny.) Remove the saucepan from the heat, cover, and let rest for 5 minutes.',2,'2021-11-19 15:36:23','2021-11-19 15:36:23'),(116,16,'Uncover, add 2 tablespoons peanut butter, and stir until well combined. Serve immediately with your choice of toppings.',3,'2021-11-19 15:36:23','2021-11-19 15:36:23'),(117,17,'Whisk 1 cup rolled oats and 1 cup milk together in a large bowl. Let stand for 10 minutes for the oats to soften. Meanwhile, melt 1 tablespoon unsalted butter and set it aside to cool.',1,'2021-11-19 15:36:23','2021-11-19 15:36:23'),(118,17,'Add the butter, 2 eggs, and 1 tablespoon granulated sugar to the oats, and whisk to combine. Add 2/3 cup all-purpose flour, 2 teaspoons baking powder, 1/4 teaspoon kosher salt, and 1/4 teaspoon ground cinnamon, if desired, and whisk until just combined; do not overmix. Let stand for 5 minutes more. Meanwhile, heat a large cast iron or nonstick skillet over medium-high heat.',2,'2021-11-19 15:36:23','2021-11-19 15:36:23'),(119,17,'Add 1 teaspoon butter to the pan and swirl to coat. Drop the batter into the pan in 2-tablespoon portions, cooking 3 at a time. Cook until bubbles appear on the surface, the edges begin to look dry, and the bottoms are golden-brown, about 3 minutes. Flip the pancakes and cook until the other side is golden-brown, 2 to 3 minutes more.',3,'2021-11-19 15:36:23','2021-11-19 15:36:23'),(120,17,'Transfer the pancakes to a warm oven or plate. Repeat cooking the remaining batter, using 1 teaspoon butter for each batch.',4,'2021-11-19 15:36:23','2021-11-19 15:36:23'),(121,18,'Split the banana lengthwise and lay the two halves in a shallow bowl. Use an ice cream scoop to scoop out the yogurt and put it on top of the banana. Warm the jam in the microwave for 15 to 30 seconds, or until it is very runny.',1,'2021-11-19 15:36:23','2021-11-19 15:36:23'),(122,18,'Use a spoon to drizzle the jam over the yogurt, and sprinkle the nuts over everything. Top with the blueberries, and dig in!',2,'2021-11-19 15:36:23','2021-11-19 15:36:23'),(123,19,'Spoon half of the yogurt in a half-pint jar. Add the fruit and drizzle with the jam. Spoon the remaining yogurt on top. Sprinkle over the granola or nuts, if using. Seal the jar and pack it up for work or school, or enjoy it immediately.',1,'2021-11-19 15:36:23','2021-11-19 15:36:23'),(124,20,'Arrange a rack in the middle of the oven and heat to 275°F. Line a rimmed baking sheet with parchment paper.',1,'2021-11-19 15:36:23','2021-11-19 15:36:23'),(125,20,'Heat the oil in a large frying pan over medium heat until shimmering. Add the millet and cook, stirring frequently, until toasted and golden-brown, 3 to 4 minutes. Remove from the heat and let cool for 5 minutes. Transfer to a large bowl.',2,'2021-11-19 15:36:23','2021-11-19 15:36:23'),(126,20,'Add the almonds, pumpkin seeds, sunflower seeds, apricots, chia seeds, flaxseed meal, sesame seeds, melted butter, and 1/2 cup of the honey and stir to combine. Pour the mixture onto the prepared baking sheet and spread into an even layer.',3,'2021-11-19 15:36:23','2021-11-19 15:36:23'),(127,20,'Bake for 20 minutes. Stir the mixture, drizzle with the remaining 2 tablespoons honey, and bake for 10 minutes more.',4,'2021-11-19 15:36:23','2021-11-19 15:36:23'),(128,20,'Transfer the baking sheet to a wire rack and cool the granola completely. Store in an airtight container.',5,'2021-11-19 15:36:23','2021-11-19 15:36:23'),(129,21,'Mix 200g self-raising flour, 1 ½ tsp baking powder, 1 tbsp golden caster sugar and a pinch of salt together in a large bowl.',1,'2021-11-19 15:36:23','2021-11-19 15:36:23'),(130,21,'Create a well in the centre with the back of your spoon then add 3 large eggs, 25g melted butter and 200ml milk.',2,'2021-11-19 15:36:23','2021-11-19 15:36:23'),(131,21,'Whisk together either with a balloon whisk or electric hand beaters until smooth then pour into a jug.',3,'2021-11-19 15:36:23','2021-11-19 15:36:23'),(132,21,'Heat a small knob of butter and 1 tsp of oil in a large, non-stick frying pan over a medium heat. When the butter looks frothy, pour in rounds of the batter, approximately 8cm wide. Make sure you don’t put the pancakes too close together as they will spread during cooking. Cook the pancakes on one side for about 1-2 mins or until lots of tiny bubbles start to appear and pop on the surface. Flip the pancakes over and cook for a further minute on the other side. Repeat until all the batter is used up.        ',4,'2021-11-19 15:36:23','2021-11-19 15:36:23'),(133,21,'Serve your pancakes stacked up on a plate with a drizzle of maple syrup and any of your favourite toppings.',5,'2021-11-19 15:36:23','2021-11-19 15:36:23'),(134,22,'Bring a deep saucepan of water to the boil (at least 2 litres) and add 3 tbsp white wine vinegar.',1,'2021-11-19 15:36:23','2021-11-19 15:36:23'),(135,22,'Break the eggs into four separate coffee cups or ramekins. Split the muffins, toast them and warm some plates.',2,'2021-11-19 15:36:23','2021-11-19 15:36:23'),(136,22,'Swirl the vinegared water briskly to form a vortex and slide in an egg. It will curl round and set to a neat round shape. Cook for 2-3 mins, then remove with a slotted spoon.',3,'2021-11-19 15:36:23','2021-11-19 15:36:23'),(137,22,'Repeat with the other eggs, one at a time, re-swirling the water as you slide in the eggs. Spread some sauce on each muffin, scrunch a slice of ham on top, then top with an egg. Spoon over the remaining hollandaise and serve at once.',4,'2021-11-19 15:36:23','2021-11-19 15:36:23'),(138,23,'Whisk together the eggs, milk, cream, vanilla and cinnamon.',1,'2021-11-19 15:36:23','2021-11-19 15:36:23'),(139,23,'Lay the brioche slices in a single layer in a shallow dish and pour the egg mixture over them. Allow to soak for 2-3 mins, then carefully turn over and soak for 2 mins more.',2,'2021-11-19 15:36:23','2021-11-19 15:36:23'),(140,23,'Heat 1 tbsp of the vegetable oil and butter in a non-stick frying pan over a medium heat until foaming.',3,'2021-11-19 15:36:23','2021-11-19 15:36:23'),(141,23,' Carefully lift 2 slices of the soaked brioche out of the dish and add to the frying pan. Fry for 3 mins on each side, until golden and crisp, then place on a wire rack over a baking tray in a warm oven while you repeat with the remaining slices.',4,'2021-11-19 15:36:23','2021-11-19 15:36:23'),(142,23,'Serve dusted in icing sugar and scattered with fresh berries, if you like.',5,'2021-11-19 15:36:23','2021-11-19 15:36:23'),(143,24,'Peel, halve and core the pears.',1,'2021-11-19 15:36:23','2021-11-19 15:36:23'),(144,24,'Mix the sugar and lemon juice with 200ml water in a small saucepan. ',2,'2021-11-19 15:36:23','2021-11-19 15:36:23'),(145,24,'Halve the vanilla pod and scrape the seeds into the pan, then add the pod (or add the vanilla bean paste). Heat until the sugar has dissolved.',3,'2021-11-19 15:36:23','2021-11-19 15:36:23'),(146,24,'Add the pears and cover the surface with a circle of baking parchment (this will ensure the pears cook through evenly). Cook for 15-20 mins until the pears feel soft when poked with a knife, then leave to cool. Can be kept chilled in the liquid for up to one week.',4,'2021-11-19 15:36:23','2021-11-19 15:36:23'),(147,24,'Meanwhile, make your porridge. Mix the almond butter with enough poached pear liquid to form a drizzling consistency, then spoon over the porridge and top the bowls with the pears. Scatter with the toasted flaked almonds.',5,'2021-11-19 15:36:23','2021-11-19 15:36:23'),(148,25,'Mix 200g self-raising flour, 1 ½ tsp baking powder, 1 tbsp golden caster sugar and a pinch of salt together in a large bowl.',1,'2021-11-19 15:36:23','2021-11-19 15:36:23'),(149,25,'Create a well in the centre with the back of your spoon then add 3 large eggs, 25g melted butter and 200ml milk.',2,'2021-11-19 15:36:23','2021-11-19 15:36:23'),(150,25,'Whisk together either with a balloon whisk or electric hand beaters until smooth then pour into a jug.',3,'2021-11-19 15:36:23','2021-11-19 15:36:23'),(151,25,'Heat a small knob of butter and 1 tsp of oil in a large, non-stick frying pan over a medium heat. When the butter looks frothy, pour in rounds of the batter, approximately 8cm wide. Make sure you don’t put the pancakes too close together as they will spread during cooking. Cook the pancakes on one side for about 1-2 mins or until lots of tiny bubbles start to appear and pop on the surface. Flip the pancakes over and cook for a further minute on the other side. Repeat until all the batter is used up.        ',4,'2021-11-19 15:36:23','2021-11-19 15:36:23'),(152,25,'Serve your pancakes stacked up on a plate with a drizzle of maple syrup and any of your favourite toppings.',5,'2021-11-19 15:36:23','2021-11-19 15:36:23'),(153,26,'Heat the oven to 190C/170 fan/gas 5.',1,'2021-11-19 15:36:23','2021-11-19 15:36:23'),(154,26,'Toss 575g peeled, cored and sliced Bramley apples with 2 tbsp golden caster sugar and put in a 23cm round baking dish at least 5cm deep, or a 20cm square dish. Flatten down with your hand to prevent too much crumble falling through.',2,'2021-11-19 15:36:23','2021-11-19 15:36:23'),(155,26,'Put 175g plain flour and 110g golden caster sugar in a bowl with a good pinch of salt.',3,'2021-11-19 15:36:23','2021-11-19 15:36:23'),(156,26,'Slice in 110g cold butter and rub it in with your fingertips until the mixture looks like moist breadcrumbs. Shake the bowl and any big bits will come to the surface – rub them in. Alternatively, pulse in a processor until sandy (don’t over-process).',4,'2021-11-19 15:36:23','2021-11-19 15:36:23'),(157,26,'Pour the crumb mix over the apples to form a pile in the centre, then use a fork to even out.',5,'2021-11-19 15:36:23','2021-11-19 15:36:23'),(158,26,'Gently press the surface with the back of the fork so the crumble holds together and goes crisp, then lightly drag the fork over the top for a decorative finish.',6,'2021-11-19 15:36:23','2021-11-19 15:36:23'),(159,26,'Sprinkle 1 tbsp rolled oats and 1 tbsp demerara sugar over evenly, if you wish.',7,'2021-11-19 15:36:23','2021-11-19 15:36:23'),(160,26,'Set on a baking tray and put in the preheated oven for 35-40 minutes, until the top is golden and the apples feel very soft when you insert a small, sharp knife. Leave to cool for 10 minutes before serving.',8,'2021-11-19 15:36:23','2021-11-19 15:36:23'),(161,27,'Heat the oven to 180C/160C fan/gas 4. ',1,'2021-11-19 15:36:23','2021-11-19 15:36:23'),(162,27,' Oil and line the base and sides of two 20cm cake tins with baking parchment. Whisk the oil, yogurt, eggs, vanilla and zest in a jug. Mix the flour, sugar, cinnamon and nutmeg with a good pinch of salt in a bowl. Squeeze any lumps of sugar through your fingers, shaking the bowl a few times to bring the lumps to the surface.',2,'2021-11-19 15:36:23','2021-11-19 15:36:23'),(163,27,'Add the wet ingredients to the dry, along with the carrots, raisins and half the nuts, if using. Mix well to combine, then divide between the tins.',3,'2021-11-19 15:36:23','2021-11-19 15:36:23'),(164,27,'Bake for 25-30 mins or until a skewer inserted into the centre of the cake comes out clean. If any wet mixture clings to the skewer, return to the oven for 5 mins, then check again. Leave to cool in the tins.',4,'2021-11-19 15:36:23','2021-11-19 15:36:23'),(165,27,'To make the icing, beat the butter and sugar together until smooth. Add half the soft cheese and beat again, then add the rest (adding it bit by bit prevents the icing from splitting). ',5,'2021-11-19 15:36:23','2021-11-19 15:36:23'),(166,27,'Remove the cakes from the tins and sandwich together with half the icing. Top with the remaining icing and scatter with the remaining walnuts. Will keep in the fridge for up to five days. Best eaten at room temperature.',6,'2021-11-19 15:36:23','2021-11-19 15:36:23'),(167,28,'Heat oven to 180C/fan 160C/gas 4. Grease a 20cm loose-bottomed cake tin and line the bottom with baking parchment. ',1,'2021-11-19 15:36:23','2021-11-19 15:36:23'),(168,28,'Mix the flour, caster sugar and cinnamon together with a pinch of salt in a bowl. Whisk the butter, egg yolks and milk together and combine with the dry ingredients to make a soft dough. Turn out onto a floured surface and roll out to a rectangle, about 30 x 25cm.',2,'2021-11-19 15:36:23','2021-11-19 15:36:23'),(169,28,'Mix the filling ingredients together. Spread evenly over the dough then roll it up lengthways, like a Swiss roll, to form a log. ',3,'2021-11-19 15:36:23','2021-11-19 15:36:23'),(170,28,'Using a sharp knife, cut the dough into 8 even-sized slices and pack into the prepared tin. Brush gently with extra milk and bake for 30-35 mins or until golden brown. Remove from the oven and cool for 5 mins before removing from the tin.',4,'2021-11-19 15:36:23','2021-11-19 15:36:23'),(171,28,'Sift the icing sugar into a large bowl and make a well in the centre. ',5,'2021-11-19 15:36:23','2021-11-19 15:36:23'),(172,28,'Place the cream cheese and butter in the centre, pour over 2 tbsp boiling water, and stir to mix. Add a little more water until you have a drizzly consistency. Stir in the vanilla essence, then drizzle the icing over the rolls. Serve warm or cold.',6,'2021-11-19 15:36:23','2021-11-19 15:36:23'),(173,46,'Mixed everything toherte',1,'2021-11-23 15:10:17','2021-11-23 15:10:17'),(174,46,'dvfd',2,'2021-11-23 15:10:17','2021-11-23 15:10:17'),(175,46,'dfdfdf',3,'2021-11-23 15:10:17','2021-11-23 15:10:17'),(176,47,'Mixed everything together',1,'2021-11-24 07:59:55','2021-11-24 07:59:55'),(177,47,'Add tomatoes on top',2,'2021-11-24 07:59:55','2021-11-24 07:59:55'),(178,47,'Grate some cheese',3,'2021-11-24 07:59:55','2021-11-24 07:59:55'),(179,47,'Bake on 200 C',4,'2021-11-24 07:59:55','2021-11-24 07:59:55'),(180,48,'Mixed everything toherte',1,'2021-11-24 09:36:52','2021-11-24 09:36:52'),(181,48,'Mixed everything together',2,'2021-11-24 09:36:52','2021-11-24 09:36:52'),(182,49,'Mixed everything toherte',1,'2021-11-24 10:52:54','2021-11-24 10:52:54'),(183,50,'Mixed everything toherte',1,'2021-11-24 10:53:41','2021-11-24 10:53:41'),(184,51,'Mixed everything together',1,'2021-11-24 21:57:53','2021-11-24 21:57:53'),(185,51,'Chopped fruit and prepare it on the side to be able to put it in top of the smoothie.',2,'2021-11-24 21:57:53','2021-11-24 21:57:53'),(186,51,'Decorate smoothie and serve for 2 people.',3,'2021-11-24 21:57:53','2021-11-24 21:57:53'),(187,51,'Enjoy!',4,'2021-11-24 21:57:53','2021-11-24 21:57:53');
/*!40000 ALTER TABLE `instructions` ENABLE KEYS */;
UNLOCK TABLES;

--
-- Table structure for table `migrations`
--

DROP TABLE IF EXISTS `migrations`;
/*!40101 SET @saved_cs_client     = @@character_set_client */;
/*!40101 SET character_set_client = utf8 */;
CREATE TABLE `migrations` (
  `id` int(10) unsigned NOT NULL AUTO_INCREMENT,
  `migration` varchar(255) COLLATE utf8mb4_unicode_ci NOT NULL,
  `batch` int(11) NOT NULL,
  PRIMARY KEY (`id`)
) ENGINE=InnoDB DEFAULT CHARSET=utf8mb4 COLLATE=utf8mb4_unicode_ci;
/*!40101 SET character_set_client = @saved_cs_client */;

--
-- Dumping data for table `migrations`
--

LOCK TABLES `migrations` WRITE;
/*!40000 ALTER TABLE `migrations` DISABLE KEYS */;
/*!40000 ALTER TABLE `migrations` ENABLE KEYS */;
UNLOCK TABLES;

--
-- Table structure for table `password_resets`
--

DROP TABLE IF EXISTS `password_resets`;
/*!40101 SET @saved_cs_client     = @@character_set_client */;
/*!40101 SET character_set_client = utf8 */;
CREATE TABLE `password_resets` (
  `email` varchar(255) COLLATE utf8mb4_unicode_ci NOT NULL,
  `token` varchar(255) COLLATE utf8mb4_unicode_ci NOT NULL,
  `created_at` timestamp NULL DEFAULT NULL,
  KEY `password_resets_email_index` (`email`)
) ENGINE=InnoDB DEFAULT CHARSET=utf8mb4 COLLATE=utf8mb4_unicode_ci;
/*!40101 SET character_set_client = @saved_cs_client */;

--
-- Dumping data for table `password_resets`
--

LOCK TABLES `password_resets` WRITE;
/*!40000 ALTER TABLE `password_resets` DISABLE KEYS */;
/*!40000 ALTER TABLE `password_resets` ENABLE KEYS */;
UNLOCK TABLES;

--
-- Table structure for table `personal_access_tokens`
--

DROP TABLE IF EXISTS `personal_access_tokens`;
/*!40101 SET @saved_cs_client     = @@character_set_client */;
/*!40101 SET character_set_client = utf8 */;
CREATE TABLE `personal_access_tokens` (
  `id` bigint(20) unsigned NOT NULL AUTO_INCREMENT,
  `tokenable_type` varchar(255) COLLATE utf8mb4_unicode_ci NOT NULL,
  `tokenable_id` bigint(20) unsigned NOT NULL,
  `name` varchar(255) COLLATE utf8mb4_unicode_ci NOT NULL,
  `token` varchar(64) COLLATE utf8mb4_unicode_ci NOT NULL,
  `abilities` text COLLATE utf8mb4_unicode_ci DEFAULT NULL,
  `last_used_at` timestamp NULL DEFAULT NULL,
  `created_at` timestamp NULL DEFAULT NULL,
  `updated_at` timestamp NULL DEFAULT NULL,
  PRIMARY KEY (`id`),
  UNIQUE KEY `personal_access_tokens_token_unique` (`token`),
  KEY `personal_access_tokens_tokenable_type_tokenable_id_index` (`tokenable_type`,`tokenable_id`)
) ENGINE=InnoDB DEFAULT CHARSET=utf8mb4 COLLATE=utf8mb4_unicode_ci;
/*!40101 SET character_set_client = @saved_cs_client */;

--
-- Dumping data for table `personal_access_tokens`
--

LOCK TABLES `personal_access_tokens` WRITE;
/*!40000 ALTER TABLE `personal_access_tokens` DISABLE KEYS */;
/*!40000 ALTER TABLE `personal_access_tokens` ENABLE KEYS */;
UNLOCK TABLES;

--
-- Table structure for table `recipe_user`
--

DROP TABLE IF EXISTS `recipe_user`;
/*!40101 SET @saved_cs_client     = @@character_set_client */;
/*!40101 SET character_set_client = utf8 */;
CREATE TABLE `recipe_user` (
  `id` bigint(20) unsigned NOT NULL AUTO_INCREMENT,
  `recipe_id` int(11) DEFAULT NULL,
  `user_id` int(11) DEFAULT NULL,
  `created_at` timestamp NULL DEFAULT NULL,
  `updated_at` timestamp NULL DEFAULT NULL,
  PRIMARY KEY (`id`)
) ENGINE=InnoDB DEFAULT CHARSET=utf8mb4 COLLATE=utf8mb4_unicode_ci;
/*!40101 SET character_set_client = @saved_cs_client */;

--
-- Dumping data for table `recipe_user`
--

LOCK TABLES `recipe_user` WRITE;
/*!40000 ALTER TABLE `recipe_user` DISABLE KEYS */;
/*!40000 ALTER TABLE `recipe_user` ENABLE KEYS */;
UNLOCK TABLES;

--
-- Table structure for table `recipes`
--

DROP TABLE IF EXISTS `recipes`;
/*!40101 SET @saved_cs_client     = @@character_set_client */;
/*!40101 SET character_set_client = utf8 */;
CREATE TABLE `recipes` (
  `id` bigint(20) unsigned NOT NULL AUTO_INCREMENT,
  `name` varchar(255) COLLATE utf8mb4_unicode_ci DEFAULT NULL,
  `description` text COLLATE utf8mb4_unicode_ci DEFAULT NULL,
  `preptime` int(11) DEFAULT NULL,
  `difficulty` varchar(255) COLLATE utf8mb4_unicode_ci DEFAULT NULL,
  `cooktime` int(11) DEFAULT NULL,
  `servings` int(11) DEFAULT NULL,
  `calories` int(11) DEFAULT NULL,
  `fat` int(11) DEFAULT NULL,
  `satfat` int(11) DEFAULT NULL,
  `carbs` int(11) DEFAULT NULL,
  `fiber` int(11) DEFAULT NULL,
  `sugar` int(11) DEFAULT NULL,
  `protein` int(11) DEFAULT NULL,
  `user_id` int(11) DEFAULT NULL,
  `created_at` timestamp NULL DEFAULT NULL,
  `updated_at` timestamp NULL DEFAULT NULL,
  PRIMARY KEY (`id`)
) ENGINE=InnoDB AUTO_INCREMENT=52 DEFAULT CHARSET=utf8mb4 COLLATE=utf8mb4_unicode_ci;
/*!40101 SET character_set_client = @saved_cs_client */;

--
-- Dumping data for table `recipes`
--

LOCK TABLES `recipes` WRITE;
/*!40000 ALTER TABLE `recipes` DISABLE KEYS */;
INSERT INTO `recipes` VALUES (1,'Chocolate brownies','Do you like chocolate? Then you are going to love today\'s recipe. It\'s very easy to make fantastic chocolate brownies. Follow my recipe and I\'m sure you will not be disappointed. Their name comes from their brown colour. Nobody is sure who invented this famous American dessert and there are lots of different stories about who wrote the first brownie recipe and where. One thing isn\'t a mystery: they are really delicious; crispy on top and fudgy in the middle. Give them a go and let me know!',20,'Easy',35,9,2565,159,67,76,4,6,200,NULL,'2021-11-19 15:36:23','2021-11-19 15:36:23'),(2,'Chocolate nut biscuits',' I just say one thing: try these chocolate nut biscuits because they are really delicious. They are made with simple ingredients and they are perfect for breakfast and as snacks too. A very simple and easy to make recipe.',10,'Easy',10,16,2565,159,67,76,4,6,200,NULL,'2021-11-19 15:36:23','2021-11-19 15:36:23'),(3,'Ricotta cheese and chocolate cups','Nothing could be easier than making these ricotta cheese and chocolate cups. A delicious, creamy dessert that I want to share with you. Everybody will love it!',10,'Medium',10,16,2565,159,67,76,4,6,200,NULL,'2021-11-19 15:36:23','2021-11-19 15:36:23'),(4,'Tiramisù','Back in the day, grandmothers used to prepare a breakfast that we might call humble today, but was considered very rich at the time! Today the recipe is still unchanged, just break a very fresh egg into a glass, beat it with sugar, and add coffee or hot milk, for children, or Marsala wine or aniseed for adults. This marvelous cream gave rise to mascarpone cream used to make Tiramisù (mascarpone cheese and ladyfingers dessert). This is the best Italian dessert, the most popular and beloved of them all, and it has also birthed many other versions, even an egg-free Tiramisù! There is also a strawberry and Nutella tiramisù! Although the origins of this famous dessert are unclear, because it is disputed between the regions of Veneto, Friuli-Venezia Giulia, Piedmont, and Tuscany, it remains a cornerstone of Italian cuisine and it\'s widely prepared from North to South. Unfortunately, we weren\'t able to find out who invented it, but we can certainly teach you how to prepare your best tiramisù ever. So here\'s the recipe: try it and let us know what you think!',40,'Easy',2,8,2565,159,67,76,4,6,200,NULL,'2021-11-19 15:36:23','2021-11-19 15:36:23'),(5,'Fig cake','Sugary, luscious figs are a delightful accompaniment to summer days. Fresh from our triumph with delicious, melt-in-the-mouth shortbread cookies, today we invite you to try your hand at making a beautiful cake that is as bronzed as your suntan at the end of the summer holidays: This fig cake is the best way to bid the summer adieu. This dessert is super-easy to prepare and, above all, delicious to eat. Let yourself be seduced by the soft, fragrant texture of this cake, which forms a perfect bed for firm-fleshed figs. Don\'t neglect to embellish them with sliced almonds and brown sugar, which will give these fruits a gorgeous golden color. This fig cake is a great snack or dessert and a perfect accompaniment as you browse pictures and postcards from summers past: Are you ready to enjoy it with your friends as you think back to your holidays and start to dream of your next trip?',20,'Easy',45,8,2565,159,67,76,4,6,200,NULL,'2021-11-19 15:36:23','2021-11-19 15:36:23'),(6,'Fish & chip traybake','Get that Friday feeling during the week with our healthier twist on takeaway favourite, fish and chips, made with sweet potatoes. Serve with mushy peas',20,'Easy',35,4,396,9,1,37,8,21,37,NULL,'2021-11-19 15:36:23','2021-11-19 15:36:23'),(7,'Cheesy Beef Burrito Casserole','lip the script for taco night and make this cheesy burrito-inspired dinner! Ground beef, cheese, beans, and tortillas are layered to give you all the Tex-Mex vibes in one hearty, lasagna-like casserole. Bonus: It makes amazing leftovers.',15,'Easy',42,6,396,9,1,37,8,21,37,NULL,'2021-11-19 15:36:23','2021-11-19 15:36:23'),(8,'Salmon in the Oven','If you want an easy, fancy main dish, it doesn\'t get much better than roasted salmon fillets. It can be a midweek date night, an al fresco meal with friends, or dinner with the in-laws — salmon will rise to any occasion. I particularly like baking salmon in the oven, as it\'s more hands-off than cooking salmon on the stovetop.',6,'Easy',6,2,396,9,1,37,8,21,37,NULL,'2021-11-19 15:36:23','2021-11-19 15:36:23'),(9,'Southern grits','Southern grits are some of the creamiest, dreamiest grits on the planet. Made from stone-ground grits and slow cooked to perfection, they\'re finished with a generous heap of butter, cheese, and heavy cream. The result is slightly toothsome grits that rival the richest risotto — and are even easier to make.',15,'Easy',35,6,396,9,1,37,8,21,37,NULL,'2021-11-19 15:36:23','2021-11-19 15:36:23'),(10,'pepper and onion stew','pepper and onion stew is a very tasty summer side dish that is ideal to pair with delicate meats or fish. Perfect on hot bruschetta, peperonata is even good served as a sauce in pasta!',15,'Easy',50,4,396,9,1,37,8,21,37,NULL,'2021-11-19 15:36:23','2021-11-19 15:36:23'),(11,'Slow Cooker Golden Chickpea Soup','As we move through the cold days of the new year, this is the soup you\'ll want to keep on repeat in your meal plan. It is wholesome comfort food at its finest, with a taste and texture that\'s equal parts hearty, bright, and completely nourishing. Slow cooking mellows the pungent, bitter bite of turmeric, and a dollop of yogurt partnered with a squeeze of fresh lemon juice lend a tangy twist to this vegetarian chickpea-based soup.',15,'Easy',50,8,396,9,1,37,8,21,37,NULL,'2021-11-19 15:36:24','2021-11-19 15:36:24'),(12,'Quesadillas','The humble quesadilla wears many hats. It\'s a quick weeknight meal that can transform yesterday\'s leftovers into something new and tasty. It\'s also a fuss-free snack that will satisfy a group of hungry teenagers — or the crowd at your next cocktail party. Fill it with plain cheese and beans or with shrimp and avocado; the quesadilla is whatever you want to make it.',15,'Easy',50,4,396,9,1,37,8,21,37,NULL,'2021-11-19 15:36:24','2021-11-19 15:36:24'),(13,'Taco salad','onestly, is there a better salad than taco salad? Crisp romaine gets punched up with cilantro and onions, then tossed with crunchy tortilla strips, spicy ground beef, shredded cheese, and lots of fresh veggies like corn and tomatoes. It\'s the perfect combination of flavors and textures.',25,'Easy',15,6,396,9,1,37,8,21,37,NULL,'2021-11-19 15:36:24','2021-11-19 15:36:24'),(14,'California Roll','hances are probably pretty good that one of the first types of sushi you ever tried was the California roll. I like to think of it as the gateway sushi for children — and also for adults who aren\'t quite ready to take the plunge with raw fish sushi right off the bat. With layers of rice and seaweed blanketing sweet crabmeat (or imitation crabsticks) and either avocado or cucumber for a pop of green color, its mild flavor makes it perfect for dunking in a little saucer of soy sauce with some wasabi stirred in.',40,'Easy',15,6,396,9,1,37,8,21,37,NULL,'2021-11-19 15:36:24','2021-11-19 15:36:24'),(15,'Spaghetti with guanciale and eggs','The carbonara sauce is prepared in a matter of minutes. Just think that all you need is spicy guanciale cut into strips, a golden cream made with yolks (in our version) and a lot of grated Pecorino cheese. ',15,'Easy',10,4,396,9,1,37,8,21,37,NULL,'2021-11-19 15:36:24','2021-11-19 15:36:24'),(16,'Peanut Butter Oatmeal','A hot bowl of oatmeal is one of the easiest, most satisfying breakfasts you can make — especially when peanut butter\'s involved. This recipe will show you how to make the best, easiest peanut butter oatmeal in just 15 minutes, with instructions fo[ both the stovetop and the microwave. Let\'s get started.',5,'Easy',12,2,396,9,1,37,8,21,37,NULL,'2021-11-19 15:36:24','2021-11-19 15:36:24'),(17,'Easy Oatmeal Pancakes','A simple, homey recipe for pancakes made with old-fashioned rolled oats.',15,'Easy',20,12,396,9,1,37,8,21,37,NULL,'2021-11-19 15:36:24','2021-11-19 15:36:24'),(18,'Banana Split with Yogurt and Jam','A banana split for breakfast? Oh, yes! This quick, easy breakfast takes a dessert classic and lightens it up for the morning with ultra-creamy Greek yogurt and a warm drizzle of jam.',5,'Easy',0,1,396,9,1,37,8,21,37,NULL,'2021-11-19 15:36:24','2021-11-19 15:36:24'),(19,'Fruit on the Bottom Yogurt Cups','Yogurt cups are one of my favorite on-the-go breakfasts or fuss-free lunches. They\'re convenient, easy to grab, and yummy. But they are often too sweet for me, and so I wondered why I was settling for the flavors at the grocery store. Why not make my own?',5,'Easy',0,1,396,9,1,37,8,21,37,NULL,'2021-11-19 15:36:24','2021-11-19 15:36:24'),(20,'Soft & Chewy Granola','Forget everything you think you know about granola. Let go of your crunchy, overly sweet, oat-filled expectations, and the results are magically different and incredibly satisfying. This is nowhere near your average granola — which is exactly why I seriously can\'t get enough of the stuff.',15,'Easy',0,5,396,9,1,37,8,21,37,NULL,'2021-11-19 15:36:24','2021-11-19 15:36:24'),(21,'American pancakes','This easy American pancake recipe makes light and fluffy pancakes that are great for a weekend brunch. Try adding a large handful of fresh blueberries to the batter before cooking.',25,'Easy',30,2,1250,112,21,45,4,8,120,NULL,'2021-11-19 15:36:24','2021-11-19 15:36:24'),(22,'Eggs Benedict','Eggs Benedict is a common American breakfast or brunch dish, consisting of two halves of an English muffin, each topped with Canadian bacon, a poached egg, and hollandaise sauce. It was popularized in New York City.',20,'Easy',30,2,1340,140,24,56,4,3,158,NULL,'2021-11-19 15:36:24','2021-11-19 15:36:24'),(23,'French Toast','Bread dipped in egg and fried is a winner any which way, and this is a little bit different from its sweet counterparts. This is a great one to have in the freezer, for those days when you don’t have time to think about what to make for lunch. You can just pop them in the oven to reheat while you’re getting on with other things',5,'Easy',10,2,1345,89,12,46,3,11,76,NULL,'2021-11-19 15:36:24','2021-11-19 15:36:24'),(24,'Pear porridge','Have a filling, comforting breakfast ready in 10 minutes with this easy pear and almond porridge recipe. The simple combination of fresh juicy pear, crunchy almonds and a drizzle of sweet maple syrup is the perfect autumnal start to the day. ',10,'Easy',20,2,840,56,11,23,7,4,87,NULL,'2021-11-19 15:36:24','2021-11-19 15:36:24'),(25,'Feta cheese and tomato omelette','Feta is considered to be one of the oldest cheeses in the world. The earliest record of feta cheese dates back to the Byzantine Empire. It has been associated closely with Crete, located in present day Greece. ',25,'Easy',30,2,1250,112,21,45,4,8,120,NULL,'2021-11-19 15:36:24','2021-11-19 15:36:24'),(26,'Apple crumble cake','Ultra soft apple crumb cake is loaded with warm cinnamon apples and extra crumb topping. A homemade version of classic New York style crumb cake, this breakfast cake is moist, deliciously spiced, and drizzled with sweet maple icing.',15,'Easy',40,2,1250,112,21,45,4,8,120,NULL,'2021-11-19 15:36:24','2021-11-19 15:36:24'),(27,'Carrot cake with mascarpone','A classic cake recipe from Mary Berry\'s 100 Cakes and Bakes book. The gorgeous and moist carrot cake is crowned with a creamy mascarpone topping and walnuts.',35,'Easy',30,8,450,62,12,23,2,15,98,NULL,'2021-11-19 15:36:24','2021-11-19 15:36:24'),(28,'Cinnamon rolls','Try these easy cinnamon rolls with vanilla icing as a treat for afternoon tea. They\'re delicious served warm or cold – you can also make them ahead and freeze.',45,'Easy',50,8,950,92,21,65,4,12,50,NULL,'2021-11-19 15:36:24','2021-11-19 15:36:24'),(48,'Pizza',NULL,4,'Medium',25,200,35,50,NULL,45,77,7,7,NULL,'2021-11-24 09:36:52','2021-11-24 09:36:52'),(49,'gfg',NULL,4,'Easy',4,4,44,4,NULL,4,77,4,4,NULL,'2021-11-24 10:52:54','2021-11-24 10:52:54'),(50,'Bony',NULL,4,'Easy',25,200,44,1,NULL,44,77,7,7,NULL,'2021-11-24 10:53:41','2021-11-24 10:53:41'),(51,'Smoothie',NULL,35,'Easy',3,33,35,33,NULL,3,3,3,4,NULL,'2021-11-24 21:57:53','2021-11-24 21:57:53');
/*!40000 ALTER TABLE `recipes` ENABLE KEYS */;
UNLOCK TABLES;

--
-- Table structure for table `users`
--

DROP TABLE IF EXISTS `users`;
/*!40101 SET @saved_cs_client     = @@character_set_client */;
/*!40101 SET character_set_client = utf8 */;
CREATE TABLE `users` (
  `id` bigint(20) unsigned NOT NULL AUTO_INCREMENT,
  `name` varchar(255) COLLATE utf8mb4_unicode_ci NOT NULL,
  `email` varchar(255) COLLATE utf8mb4_unicode_ci NOT NULL,
  `email_verified_at` timestamp NULL DEFAULT NULL,
  `password` varchar(255) COLLATE utf8mb4_unicode_ci NOT NULL,
  `two_factor_secret` text COLLATE utf8mb4_unicode_ci DEFAULT NULL,
  `two_factor_recovery_codes` text COLLATE utf8mb4_unicode_ci DEFAULT NULL,
  `remember_token` varchar(100) COLLATE utf8mb4_unicode_ci DEFAULT NULL,
  `created_at` timestamp NULL DEFAULT NULL,
  `updated_at` timestamp NULL DEFAULT NULL,
  PRIMARY KEY (`id`),
  UNIQUE KEY `users_email_unique` (`email`)
) ENGINE=InnoDB AUTO_INCREMENT=3 DEFAULT CHARSET=utf8mb4 COLLATE=utf8mb4_unicode_ci;
/*!40101 SET character_set_client = @saved_cs_client */;

--
-- Dumping data for table `users`
--

LOCK TABLES `users` WRITE;
/*!40000 ALTER TABLE `users` DISABLE KEYS */;
INSERT INTO `users` VALUES (1,'Katarina Slivova','katka1391@gmail.com',NULL,'$2y$10$QpXU.UIglgaCOI1AmPy2/OIw1xt4s81kz46nxMBj53EZ1Ygym9RkG',NULL,NULL,NULL,'2021-11-23 14:02:03','2021-11-23 14:02:03'),(2,'Daniel Hurley','dpjhurley@gmail.com',NULL,'$2y$10$Up.uwLV7lkIgk.P2QOrkJ.cMe8y4g7AVKIAT3LHivp6uKIm.Vk4Hy',NULL,NULL,NULL,'2021-11-24 10:22:35','2021-11-24 10:22:35');
/*!40000 ALTER TABLE `users` ENABLE KEYS */;
UNLOCK TABLES;
/*!40103 SET TIME_ZONE=@OLD_TIME_ZONE */;

/*!40101 SET SQL_MODE=@OLD_SQL_MODE */;
/*!40014 SET FOREIGN_KEY_CHECKS=@OLD_FOREIGN_KEY_CHECKS */;
/*!40014 SET UNIQUE_CHECKS=@OLD_UNIQUE_CHECKS */;
/*!40101 SET CHARACTER_SET_CLIENT=@OLD_CHARACTER_SET_CLIENT */;
/*!40101 SET CHARACTER_SET_RESULTS=@OLD_CHARACTER_SET_RESULTS */;
/*!40101 SET COLLATION_CONNECTION=@OLD_COLLATION_CONNECTION */;
/*!40111 SET SQL_NOTES=@OLD_SQL_NOTES */;

-- Dump completed on 2021-11-25 12:24:04
